CREATE DATABASE  IF NOT EXISTS `movie_booking` /*!40100 DEFAULT CHARACTER SET utf8mb4 COLLATE utf8mb4_0900_ai_ci */ /*!80016 DEFAULT ENCRYPTION='N' */;
USE `movie_booking`;
-- MySQL dump 10.13  Distrib 8.0.22, for macos10.15 (x86_64)
--
-- Host: 127.0.0.1    Database: movie_booking
-- ------------------------------------------------------
-- Server version	8.0.22

/*!40101 SET @OLD_CHARACTER_SET_CLIENT=@@CHARACTER_SET_CLIENT */;
/*!40101 SET @OLD_CHARACTER_SET_RESULTS=@@CHARACTER_SET_RESULTS */;
/*!40101 SET @OLD_COLLATION_CONNECTION=@@COLLATION_CONNECTION */;
/*!50503 SET NAMES utf8 */;
/*!40103 SET @OLD_TIME_ZONE=@@TIME_ZONE */;
/*!40103 SET TIME_ZONE='+00:00' */;
/*!40014 SET @OLD_UNIQUE_CHECKS=@@UNIQUE_CHECKS, UNIQUE_CHECKS=0 */;
/*!40014 SET @OLD_FOREIGN_KEY_CHECKS=@@FOREIGN_KEY_CHECKS, FOREIGN_KEY_CHECKS=0 */;
/*!40101 SET @OLD_SQL_MODE=@@SQL_MODE, SQL_MODE='NO_AUTO_VALUE_ON_ZERO' */;
/*!40111 SET @OLD_SQL_NOTES=@@SQL_NOTES, SQL_NOTES=0 */;

--
-- Table structure for table `artist`
--

DROP TABLE IF EXISTS `artist`;
/*!40101 SET @saved_cs_client     = @@character_set_client */;
/*!50503 SET character_set_client = utf8mb4 */;
CREATE TABLE `artist` (
  `artist_ssn` varchar(45) NOT NULL,
  `artist_name` varchar(45) NOT NULL,
  `artist_role` varchar(45) NOT NULL,
  PRIMARY KEY (`artist_ssn`),
  UNIQUE KEY `ssn_UNIQUE` (`artist_ssn`)
) ENGINE=InnoDB DEFAULT CHARSET=utf8mb4 COLLATE=utf8mb4_0900_ai_ci;
/*!40101 SET character_set_client = @saved_cs_client */;

--
-- Dumping data for table `artist`
--

LOCK TABLES `artist` WRITE;
/*!40000 ALTER TABLE `artist` DISABLE KEYS */;
INSERT INTO `artist` VALUES ('100-15-0359','Gena Blagburn','side role'),('100-16-6708','Merrily Sambedge','friend'),('100-39-1631','Woodrow Bohin','helping role'),('100-47-0814','Erl Aime','friend'),('102-52-7903','Constantino Theodoris','friend'),('104-02-8150','Drusilla Whittek','helping role'),('104-07-6673','Jandy Timblett','helping role'),('104-13-0605','Sherill Glander','helping role'),('104-35-4735','Kingsley Yglesia','lead'),('105-35-3588','Farlay Malin','helping role'),('105-88-5909','June Treffrey','villain'),('105-96-8412','Dame Cotte','helping role'),('106-13-4822','Elsinore Riseborough','friend'),('106-17-1129','Nadeen Ingliby','friend'),('106-95-0105','Henderson Clarey','helping role'),('108-72-7873','Kendrick Orrobin','villain'),('108-80-0951','Gwenette Hewson','lead'),('109-02-8039','Ashly Toffel','friend'),('109-15-9956','Theressa Dumphreys','helping role'),('109-22-9728','Gerardo Tolcher','helping role'),('109-63-5417','Kiah Sessions','friend'),('109-80-6289','Ragnar Sunners','friend'),('109-90-2601','Kat Feldbau','helping role'),('110-51-5387','Donelle Melbury','villain'),('112-03-2233','Ardene Boniface','helping role'),('112-15-0650','Agnes Rexworthy','friend'),('112-45-8366','Meier Lerway','friend'),('117-22-4581','Melody Girkins','villain'),('117-34-6629','Yance Keyden','side role'),('118-15-8894','Giacobo Dicey','friend'),('118-18-4499','Ronalda Crees','side role'),('118-56-5251','Blinny Hanscom','helping role'),('119-38-9052','Kevin Martellini','side role'),('120-48-6812','Rutherford Goodbairn','villain'),('123-33-7948','Ernestine Tripony','villain'),('123-98-2434','Andrea Tennick','helping role'),('124-76-3886','Homerus Drackford','helping role'),('127-45-9729','Piotr Sherwood','lead'),('131-72-5666','Dani Physic','helping role'),('134-32-1952','Ursulina Vasilov','friend'),('136-73-1851','Keefer Huffa','helping role'),('136-87-8587','Bernelle Maus','helping role'),('137-71-4647','Hersh Presswell','helping role'),('137-74-4002','Dimitri Gracey','side role'),('137-89-2804','Jeromy Binnes','friend'),('137-91-7496','Abrahan Gook','helping role'),('139-54-2587','Johannah McCloughlin','friend'),('141-47-0395','Salomone Girodin','lead'),('141-67-1234','Lorrin Milnes','helping role'),('142-43-9196','Deerdre Tegler','side role'),('142-98-6212','Sadye Grisewood','friend'),('144-64-4215','Jeffry Glander','helping role'),('144-70-5312','Celia Eagle','helping role'),('144-91-2392','Deloris Durrant','lead'),('145-10-1820','Electra Kapelhoff','friend'),('145-16-8426','Enrichetta Ferrand','helping role'),('145-28-6806','Domenic Presman','helping role'),('146-24-6023','Sergeant Gross','friend'),('147-07-9012','Dasie Dowdam','helping role'),('147-59-5448','Nicolai Witherington','side role'),('147-60-3755','Audrye Hatz','friend'),('148-99-1143','Ashly Bisley','helping role'),('149-80-2662','Leontine Hofton','helping role'),('150-08-5941','Dominga Gooch','helping role'),('150-42-8804','Clovis Brockhouse','helping role'),('150-59-9571','Kenon Adamek','helping role'),('152-15-0407','Etty Vigus','side role'),('152-27-3059','Brennan Willment','villain'),('152-76-0364','Munroe Charley','helping role'),('153-21-7154','Ranee Lumsden','helping role'),('153-59-6119','Eldredge Sedgeman','helping role'),('153-97-5457','Marve Jedrasik','helping role'),('154-34-3326','Trista Brevetor','helping role'),('156-41-1013','Rafaelia Tweedlie','lead'),('156-56-4270','Scarlet Dinneges','villain'),('158-42-5227','Marlin Gosneye','helping role'),('160-56-3292','Bobette Jurisch','lead'),('160-74-9895','Joyan Philipeau','side role'),('161-46-7186','Jacquetta Roskell','side role'),('162-41-2398','Rey Lamanby','friend'),('162-57-0169','Sly Strafen','side role'),('162-73-5121','Fancie Blare','helping role'),('163-61-9909','Aloysia Eburah','friend'),('165-01-7323','Wendall Tureville','helping role'),('166-42-5907','Tiphani Firks','friend'),('168-57-6223','Fax Hankins','villain'),('169-10-9859','Emelina Droogan','side role'),('169-22-3685','Kerry Hammerstone','helping role'),('169-93-4474','Dael Coverley','side role'),('174-54-3397','Marilyn Ricciardiello','helping role'),('175-63-5485','Alden Lanon','side role'),('176-42-4914','Kathryne Foskett','friend'),('177-19-8722','Estrellita Fullegar','helping role'),('178-40-0685','Brooke Silverwood','helping role'),('181-04-9110','Wendel Vassall','helping role'),('181-22-7445','April Avard','helping role'),('182-40-9396','Shell Ringer','helping role'),('183-50-4152','Erica Bellringer','helping role'),('187-62-0421','Claude Yurkov','helping role'),('187-75-1409','Ibbie Farmer','helping role'),('187-83-5800','Tibold Casswell','helping role'),('188-16-8306','Venus Hedney','helping role'),('188-41-0495','Leora Ashington','friend'),('188-62-1015','Alta Abrahamsen','helping role'),('188-78-7973','Eal Beeden','helping role'),('189-84-8544','Jayme Yggo','friend'),('191-02-6949','Aundrea Durdle','helping role'),('191-19-9797','Emanuel Fairchild','friend'),('191-29-3101','Jandy Astlet','lead'),('192-07-4746','Buckie Klaessen','friend'),('192-82-2667','Livvyy Sieve','villain'),('194-87-7786','Sebastien Mewrcik','helping role'),('196-36-7576','Bonnie James','side role'),('197-32-0238','Boris Lowther','helping role'),('198-50-7012','Fowler Itzcak','helping role'),('199-40-1810','Scott Nials','lead'),('200-67-0512','Janaya Fakeley','helping role'),('202-38-2964','Filippo Trahearn','friend'),('203-22-9472','Esdras Kelso','side role'),('204-84-5941','Timothea Mityushkin','lead'),('204-90-1380','Jefferson Hedderly','side role'),('205-21-5903','Shellie Moyler','side role'),('206-89-3282','Siouxie Roizn','helping role'),('207-29-7544','Ev Hendrikse','friend'),('209-20-2346','Ellen Rowena','helping role'),('209-45-5488','Krisha Healy','helping role'),('209-61-3968','Liam Witcomb','friend'),('210-18-1149','Lanette Normanvill','friend'),('210-28-9214','Eleanora Speir','side role'),('211-65-5797','Melba Gages','helping role'),('214-56-9711','Carri Bilby','villain'),('215-64-7429','Kaitlyn Ticksall','side role'),('215-71-8133','Caprice Bingham','helping role'),('215-88-1388','Lynnelle Sandal','helping role'),('215-93-6221','Alvira Jochanany','helping role'),('217-03-8405','Kenna Vasyukhichev','lead'),('217-46-8411','Salomon Croker','helping role'),('217-78-0273','Rabbi Terbeck','helping role'),('219-75-8895','Dulcie Ibbott','helping role'),('221-01-2235','Frederich O\'Towey','helping role'),('221-02-2521','Kerk Trowell','helping role'),('221-27-9619','Valentino Juara','lead'),('221-54-0825','Wrennie Glaze','helping role'),('222-56-9923','Vivia Kalaher','helping role'),('223-28-1970','Martelle Southon','side role'),('223-76-5201','Titus Monteath','helping role'),('224-13-5958','Sonnnie Folkes','friend'),('225-42-5567','Roxie Assur','helping role'),('225-45-5381','Noella Spilisy','helping role'),('226-54-7526','Serene Jardin','villain'),('227-15-7877','Torrance Eccleshall','helping role'),('228-28-3305','Jonah Wildes','helping role'),('228-44-8640','Ilaire Insoll','side role'),('228-87-7702','Felisha Goodley','friend'),('229-52-3489','Gretna Lysaght','helping role'),('229-65-3141','Crosby Heppner','helping role'),('229-73-6993','Anselma Sadry','helping role'),('230-35-0328','Gaspard Pound','helping role'),('230-36-2783','Keane Cavil','friend'),('230-71-2262','Kassey Chetham','helping role'),('234-05-0840','Denise Ure','helping role'),('235-07-0217','Allyn Gillibrand','helping role'),('235-18-7991','Bambie De Bernardis','helping role'),('235-76-3888','Annadiana Cole','friend'),('236-98-1006','Garvin Hearley','side role'),('237-03-7926','Thorndike Kendrew','helping role'),('237-67-8634','Elinor Durham','helping role'),('238-18-1984','Skipton Yeats','lead'),('238-44-6430','Reagan Filtness','helping role'),('239-49-4825','Noah Karp','helping role'),('239-68-9929','Arda Rocca','helping role'),('241-36-5467','Keane Sloam','helping role'),('242-49-0465','Alexandra Ebbett','side role'),('243-48-4393','Earl Baird','friend'),('244-11-5030','Yetty Bigglestone','helping role'),('245-18-0262','Jinny Giraudeau','villain'),('245-97-9152','Laure Aspinal','helping role'),('246-77-3215','Louie Lambrick','helping role'),('246-98-4663','Aida Bunt','helping role'),('247-17-4724','Lloyd Offord','helping role'),('247-48-6305','Koo Brunotti','lead'),('247-48-7460','Francklin Totterdell','helping role'),('248-15-1146','Ermentrude O\'Hern','villain'),('248-55-3224','Zia Rewcastle','friend'),('248-78-5531','Wanids Birdseye','helping role'),('249-49-4311','Crin Tottem','helping role'),('250-24-9835','Darsey Beecraft','helping role'),('251-29-4673','Edan Gummary','helping role'),('251-38-3789','Willy Kerner','helping role'),('251-74-6259','Tilly Winchcomb','helping role'),('252-50-3295','Jennifer Cutridge','friend'),('253-51-1665','Goraud Brassington','helping role'),('254-74-2771','Dawna Laste','friend'),('255-06-8690','Petunia Ormonde','helping role'),('255-26-5642','Cristabel Fusco','side role'),('255-52-0007','Menard Andrus','helping role'),('256-82-4419','Emmit Leghorn','helping role'),('257-20-9598','Lorens Jiroudek','helping role'),('257-53-8605','Josie Troop','friend'),('258-51-1942','Trix Lashbrook','helping role'),('258-59-9866','Carmelia Kelso','friend'),('261-53-2756','Joete Carreck','helping role'),('261-59-4110','Dieter Gilchriest','side role'),('261-81-5878','Ros Raise','friend'),('262-82-9341','Michel Pyle','helping role'),('263-21-2009','Roddie Seed','helping role'),('263-55-7890','Prescott Bode','helping role'),('265-20-4895','Gustie Dunbleton','helping role'),('266-43-1348','Rubi Gleadhell','helping role'),('266-91-7630','Dalis Tredgold','helping role'),('268-38-4464','Daisi Edens','friend'),('268-70-2643','Bliss Garrit','helping role'),('268-79-5826','Jennica Higgoe','friend'),('270-28-0917','Vitia Devons','friend'),('270-57-7883','Philomena Behrendsen','friend'),('271-65-6592','Tyrone Piburn','helping role'),('273-18-5759','Gavra Caseley','lead'),('273-89-4842','Adolphe Kroger','friend'),('275-30-7288','Goldarina Dwerryhouse','villain'),('276-29-1043','Annmaria Verdie','side role'),('277-72-7838','Jeramie Doorbar','friend'),('277-74-7587','Ted Izkovitz','lead'),('279-51-0630','Kelli Paunton','helping role'),('280-10-9245','Pyotr Castleton','helping role'),('280-32-1719','Joleen Clinch','helping role'),('281-50-8777','Levin Roughey','helping role'),('281-59-5713','Marjory Pic','friend'),('281-63-3724','Dalli Caws','friend'),('282-31-2530','Leisha Hollingsbee','lead'),('283-15-2547','Bernice Weddeburn','lead'),('283-46-9403','Jamal Battersby','helping role'),('283-61-9914','Kathlin Waldock','helping role'),('284-06-5938','Conrado McGougan','helping role'),('285-44-3211','Eduard Kayser','friend'),('287-01-5275','Paulie Padrick','side role'),('287-13-6913','Vito Montel','helping role'),('288-29-5564','Colan Stapells','helping role'),('288-98-0939','Stefan Hinners','friend'),('289-56-9582','Monah Filippello','villain'),('291-05-7955','Reggi Jimpson','side role'),('291-47-5888','Hermie Treske','helping role'),('291-49-4955','Lori Mangon','helping role'),('292-14-7005','Allianora Sewart','helping role'),('294-09-7421','Giff Lounds','side role'),('294-28-1568','Angelle McIntosh','helping role'),('294-70-3912','Hannie Tellenbrook','friend'),('295-10-5915','Joli Marsden','helping role'),('295-79-6408','Clair Going','friend'),('295-86-2815','Abby Urvoy','helping role'),('296-87-1179','Katti Cheyney','helping role'),('297-55-0522','Jayson Finnick','helping role'),('298-88-4162','Amby Klulik','friend'),('299-49-3176','Tova Gallaway','helping role'),('299-93-5078','Christian Runnalls','helping role'),('300-20-5995','Richy Ciotto','side role'),('300-68-3136','Inesita Perse','helping role'),('300-86-8272','Susette Denniss','helping role'),('300-93-7613','Rivy O\'Roan','helping role'),('302-22-1034','Artemas Sirl','helping role'),('304-54-0952','Nero Klain','helping role'),('304-66-7410','Cristian Braam','side role'),('305-37-2458','Thalia Seatter','side role'),('305-85-2706','Garvin Carruthers','friend'),('306-50-6438','Roana Dwerryhouse','helping role'),('307-19-1353','Belvia Michelet','helping role'),('309-06-3848','Rozalie Sollett','villain'),('309-77-9753','Merci Greensite','friend'),('311-07-3630','Matthiew Skones','helping role'),('311-81-3347','Basile Fanthom','helping role'),('314-02-6006','Davidson Riediger','side role'),('314-36-4959','Gerda Hoofe','friend'),('315-43-4967','Woodrow Dyne','helping role'),('316-65-4148','Corinne Wollaston','helping role'),('316-85-3505','Lenna Sirey','friend'),('316-95-9750','Aube Lepick','helping role'),('317-25-7426','Theodoric Ripper','helping role'),('317-43-8219','Adolphe Justice','friend'),('318-63-2592','Dionisio Baiden','helping role'),('319-91-4760','Genia Vial','friend'),('320-43-7376','Reynard Baldung','friend'),('321-05-5474','Rosalinde Gary','friend'),('321-43-9326','Brock Faltin','friend'),('321-81-5328','Karyl Jelks','helping role'),('323-07-9656','Leann Coverley','lead'),('323-48-6836','Faythe Winser','side role'),('324-20-8248','Anthe Pawelczyk','friend'),('324-55-2172','Essie O\'Duggan','helping role'),('326-15-5278','Fitzgerald Oleszczak','helping role'),('326-99-1924','Kippy Beavors','villain'),('327-21-9204','George Skedge','helping role'),('327-68-2443','Kassia Procter','side role'),('329-70-7302','Allard Zebedee','helping role'),('329-95-8051','Dalton Santos','friend'),('330-57-7760','Biron Bernocchi','friend'),('330-65-9220','Dasya Melly','helping role'),('331-88-8560','Melessa Tommei','villain'),('332-33-5512','Alvera Vase','helping role'),('332-47-6604','Dorena Jannaway','villain'),('332-53-6775','Jeffry Elcoat','friend'),('333-15-0922','Truda Follacaro','helping role'),('334-14-5314','Gena Merchant','helping role'),('335-41-2199','Shepard Correa','friend'),('335-66-3718','Hanan Henker','helping role'),('335-73-2380','Sawyer Highnam','helping role'),('335-94-5054','Karmen McKerlie','villain'),('337-41-4348','Wylie Wenham','helping role'),('337-61-0511','Wadsworth De Lascy','helping role'),('340-05-1696','Cordell Pethick','helping role'),('340-64-7665','Devondra Kimbury','friend'),('341-63-4677','Sophia Sinton','helping role'),('341-93-6584','Sterne Gallaher','helping role'),('341-97-9411','Zara Royan','helping role'),('342-90-2308','Giselbert Sedgemore','helping role'),('344-47-2981','Eugenio Carsey','helping role'),('345-64-9895','Kimball Kingaby','helping role'),('346-19-9067','Raffarty McEntee','helping role'),('348-27-3278','Faber Krzyzanowski','side role'),('348-97-9619','Maryjane Mullard','lead'),('349-11-6765','Lazaro Foley','friend'),('350-42-9047','Madge Stoke','helping role'),('350-98-0325','Gabriellia Turneaux','helping role'),('351-99-4777','Yvor Lathe','friend'),('352-36-4411','Cherilynn Windless','side role'),('352-54-3737','Maxie Dicey','helping role'),('355-45-4526','Georgeanne Daughtry','helping role'),('355-48-3339','Shaylyn Gianulli','friend'),('356-02-2139','Brocky Marlor','helping role'),('356-04-6794','Harley Lamerton','helping role'),('356-47-2011','Britt Fullard','helping role'),('357-24-1562','Sibelle Hundey','helping role'),('357-28-2360','Dolf Brookton','friend'),('357-83-7732','Garold Klulicek','friend'),('359-27-2167','Wallie Ingerith','helping role'),('359-42-5507','Andrey Eaglestone','helping role'),('359-95-1639','Fanya Meriel','helping role'),('360-95-8660','Rafe Scimone','lead'),('362-21-1876','Rianon Sotworth','helping role'),('362-71-9322','Renelle Hasslocher','villain'),('362-99-6558','Wenonah Thirsk','side role'),('365-53-6514','Briano Wells','side role'),('367-52-4131','Keenan Gowers','helping role'),('367-54-8796','Clare Lindro','helping role'),('368-23-7537','Avis Pegler','friend'),('368-55-1721','Rosalyn Stapylton','helping role'),('369-55-3199','Stephani Gagg','helping role'),('370-37-2712','Francklin Clevely','lead'),('370-48-9947','Selia Mallion','helping role'),('371-05-6879','Eulalie Messer','helping role'),('371-27-4471','Tuck Clery','side role'),('373-05-4005','Marillin Paffitt','side role'),('374-25-2177','Etty McKennan','helping role'),('375-77-0379','Modestia De Lascy','helping role'),('375-82-3582','Carolann Causey','helping role'),('375-88-1287','Bartholomeo Stolting','friend'),('376-18-4453','Joyan Ivanuschka','friend'),('377-10-5747','Gilemette Edinburough','lead'),('381-52-2675','Dannie Kerins','helping role'),('382-70-5892','Peterus McLugish','helping role'),('384-47-7378','Estrellita Ellington','helping role'),('385-21-6121','Claudius Bilofsky','villain'),('385-24-2214','Samuel Yeandel','helping role'),('385-84-9119','Osbourne Glascott','friend'),('386-10-0252','Kimbra Speeding','helping role'),('386-30-2350','Frederica O\'Loughane','helping role'),('386-51-8220','Merry Chace','helping role'),('386-53-9256','Lurette Jellings','side role'),('387-80-7602','Willis Stubbings','helping role'),('389-67-0682','Guntar Fontaine','helping role'),('390-30-2790','Claudius Korf','friend'),('391-23-3017','Smitty Zimmermanns','helping role'),('391-59-3316','Hewie Dannohl','side role'),('392-50-6032','Sari O\'Curran','helping role'),('394-35-9802','Alfie Brownlow','side role'),('396-04-7469','Tiffie McCahey','helping role'),('396-58-4467','Mia Linguard','friend'),('396-84-4083','Ginelle Males','helping role'),('396-91-7690','Frederic O\' Molan','side role'),('397-68-7522','Fayette Hayler','helping role'),('397-94-9787','Paulina Tunnow','helping role'),('399-29-6142','Maridel Story','friend'),('400-56-1130','Codie Runnicles','helping role'),('400-96-8536','Annabal Sember','lead'),('402-08-2101','Culver McMechan','helping role'),('402-44-6897','Federica Clayborn','helping role'),('402-69-9634','Hamlen Sarah','helping role'),('404-69-6117','Rhodia Garforth','friend'),('404-81-9889','Gay Ronan','friend'),('405-87-6062','Malia Greally','helping role'),('405-88-6079','Cully Latch','side role'),('406-16-5389','Norris Ballentime','helping role'),('409-04-4483','Siward Hinder','helping role'),('409-59-7931','Brunhilde Mosedill','helping role'),('411-23-4728','Kenneth Plampeyn','lead'),('411-49-1000','Sisile Keetch','helping role'),('412-38-9651','Pattie Castillo','lead'),('412-52-9739','Ennis Symones','helping role'),('412-55-7168','Odelia Doughill','villain'),('414-76-2805','Rudy Traylen','side role'),('414-85-5168','Buddy Tarry','friend'),('415-64-1199','Gustaf Betonia','friend'),('416-80-2185','Nevil Blumer','helping role'),('418-16-2251','Sibilla Hartgill','helping role'),('418-33-4182','Hazlett Arnhold','side role'),('419-86-8617','Riobard Moorwood','friend'),('420-53-2699','Lancelot Tilbey','helping role'),('422-56-3225','Cece Santer','friend'),('422-93-5245','Lori Johnsey','helping role'),('424-49-5124','Hetty Utton','lead'),('426-18-7510','Junia Wein','helping role'),('426-33-7726','Rodolfo Dumbrill','friend'),('428-32-6893','Kerwin Blakely','side role'),('430-32-6005','Sigfrid Winchurst','helping role'),('431-14-1041','Erinn Harrow','helping role'),('431-58-8957','Andy Hammerton','helping role'),('432-22-5930','Inigo Rosi','friend'),('432-72-4841','Audie Feek','helping role'),('432-84-9071','Shayne Linnemann','helping role'),('434-36-2080','Jennie Banner','helping role'),('434-69-8983','Celestine Seagood','helping role'),('434-86-7239','Milt Aaronson','lead'),('437-90-6880','Gracia Scaice','helping role'),('438-26-4721','Norina Tulip','helping role'),('439-17-4811','Xymenes Yakov','helping role'),('439-89-0313','Thacher Ector','side role'),('439-97-0118','Dorothee Reams','side role'),('441-08-1185','Thor Trusler','helping role'),('441-73-2139','Doti Wolfers','side role'),('443-58-4124','Levon Thurlborn','side role'),('445-74-7566','Clementius Knapman','helping role'),('446-55-0597','Harlan Yardley','friend'),('447-75-9821','Ana Handover','villain'),('448-36-8678','Odelia Starkings','friend'),('450-86-8465','Ilyssa Owers','friend'),('451-14-5616','Otes Wiffler','side role'),('451-43-9339','Nada Fanton','helping role'),('451-80-1409','Emalia Proback','helping role'),('451-85-6924','Perry Houchin','lead'),('453-21-2739','Schuyler Pascall','friend'),('453-97-0751','Malvina Shearstone','friend'),('454-06-2877','Andria Livick','friend'),('454-42-0232','Pamelina Molesworth','helping role'),('454-44-9985','Cammy Toping','lead'),('455-02-5190','Reinaldo de Marco','helping role'),('455-38-4798','Kristel Edensor','villain'),('455-40-5656','Merle Dillicate','helping role'),('456-98-0361','Gearalt Benard','helping role'),('457-06-1808','Leigh Maciak','friend'),('458-18-7651','Kris Cammoile','helping role'),('458-53-8766','Natale Cayet','side role'),('460-05-8459','Durand Dono','lead'),('460-31-2176','Rog Gowthorpe','side role'),('460-94-7284','Konrad Pankettman','helping role'),('462-82-3608','Marthena Minney','friend'),('462-85-6532','Tracy Kendal','friend'),('462-86-2208','Gabey Tschierse','helping role'),('462-95-5249','Germayne Sydney','side role'),('464-60-8156','Dareen Bellee','helping role'),('465-14-8548','Darby Addekin','side role'),('465-68-3053','Baryram Grasha','side role'),('466-01-8904','Karoly Hubbis','helping role'),('466-57-1343','Neila Loughton','side role'),('466-85-2489','Ignazio Eichmann','helping role'),('469-39-3411','Geoff Matejka','helping role'),('469-71-7916','Minta Heaffey','helping role'),('469-85-2983','Regan Ferrettino','villain'),('470-34-4116','Simonne Bantham','helping role'),('470-60-3817','Millie O\'Hoolahan','helping role'),('470-64-6964','Billye Keunemann','villain'),('470-78-9809','Dedie Andrieu','friend'),('472-62-1695','Annelise Whimpenny','friend'),('473-07-1561','Barton Tolemache','side role'),('473-29-8010','Jinny Funcheon','helping role'),('473-83-2028','Cally Joselson','helping role'),('475-48-8016','Kristen Newton','villain'),('475-53-6224','Dasi Cypler','helping role'),('477-28-9466','Fenelia Bowlesworth','helping role'),('478-34-1563','Kathe Skillitt','villain'),('480-22-6365','Gearard Hissie','helping role'),('480-45-0674','Cathee Laydel','friend'),('481-53-5716','Robby Cairney','helping role'),('483-49-1298','Grange Melsome','friend'),('484-30-3626','Buffy Concklin','friend'),('485-12-3608','Wandis Di Lucia','friend'),('485-96-0240','Lavena Burril','friend'),('486-97-8743','Ludvig Corke','helping role'),('488-11-6309','Westbrooke Sarton','lead'),('488-35-4279','Natalina Noye','friend'),('489-52-3154','Domenic Schoolcroft','side role'),('489-74-3141','Franz Blumsom','friend'),('492-61-9184','Ddene Roscamps','helping role'),('493-97-0208','Ephraim Lipyeat','helping role'),('494-60-0053','Rebeka Theaker','helping role'),('495-26-9192','Teodora Larsen','friend'),('495-62-0600','Saleem Vurley','helping role'),('495-62-8580','Brook Rape','helping role'),('495-74-5557','Jo-ann Gonzalo','lead'),('496-54-0575','Siusan Stelfox','helping role'),('497-87-0128','Myrvyn Etchells','side role'),('505-55-8780','Norton Netherwood','helping role'),('505-77-1418','Lucienne Dade','helping role'),('506-47-2091','Raimundo Wych','friend'),('506-76-7708','Cristian Sheppard','friend'),('507-05-3824','Sebastien Desouza','helping role'),('507-28-5614','Erda Coudray','friend'),('508-91-8525','Tyler Cana','lead'),('509-65-1901','Millisent McKiddin','helping role'),('510-65-7892','Ariel Adin','helping role'),('511-90-7059','Dell Counihan','lead'),('514-18-5362','Brocky Trundler','friend'),('515-33-7061','Wandis Renshaw','helping role'),('515-50-3683','Adriana Roizn','friend'),('515-93-7972','Tobi Kerman','helping role'),('516-13-5123','Briana Kunrad','friend'),('518-05-8836','Morgen Allcoat','helping role'),('518-43-3321','Ailee Chalmers','lead'),('520-70-9524','Dorian Rochester','helping role'),('520-91-8417','Giorgi Opy','helping role'),('521-19-5491','Meier Iamittii','helping role'),('523-33-5751','Tessy Brisset','helping role'),('524-50-5787','Mallory Keirl','helping role'),('525-25-4090','Clarinda Trevan','villain'),('527-40-9863','Hardy Bordes','villain'),('528-50-1672','Rica Rowlands','helping role'),('529-55-9096','Carole MacLese','helping role'),('531-11-4291','Lois Houldcroft','side role'),('533-15-5133','Carilyn Bradwell','helping role'),('533-53-3298','Ally Castillon','side role'),('533-54-3733','Cammy Kippie','helping role'),('535-12-6511','Catarina Clurow','helping role'),('536-80-8506','Ivar Hawkswood','friend'),('537-37-7086','Elliot Sowerby','friend'),('540-90-5017','Jobye Jakobsson','lead'),('541-90-7234','Wallis Ilsley','side role'),('542-20-5798','Ad Codman','friend'),('542-20-5960','Tiffanie Steutly','helping role'),('542-23-7659','Lorita Postles','helping role'),('542-27-5333','Hagan Rennard','helping role'),('542-52-8176','Elsie Stirland','helping role'),('542-81-9889','Eleanor Arnfield','villain'),('543-22-2073','Laureen Wake','helping role'),('543-22-9052','Quinta Abrahamson','side role'),('543-25-9543','Chrystal Papez','helping role'),('544-26-9441','Thomas Millward','helping role'),('545-12-5288','Vick Samett','side role'),('545-56-9655','Nels Warman','helping role'),('545-76-0102','Josias Vercruysse','friend'),('546-26-9647','Berri Firebrace','helping role'),('546-38-7054','Vincents Coverlyn','friend'),('547-27-1446','Hayden Murden','lead'),('548-07-0506','Alfie Beat','lead'),('548-66-5519','Cindy Pietri','friend'),('549-16-6095','Ingamar Rickertsen','helping role'),('550-21-8484','Hubert Quittonden','helping role'),('550-25-7511','Beverie Maplethorpe','side role'),('551-68-6779','Boony Reily','helping role'),('551-99-6361','Wiatt Dibden','helping role'),('552-35-1375','Aymer Boulstridge','helping role'),('554-31-4950','Janka Spini','helping role'),('555-40-3313','Bernardine Gaish','friend'),('555-48-8416','Barnie Taverner','helping role'),('555-99-8024','Aurelia Delves','friend'),('556-04-9451','Faina Musker','villain'),('556-75-7482','Amalee Collerd','friend'),('557-35-3585','Nanon Tuxell','friend'),('558-58-1814','Salaidh Britcher','friend'),('558-77-4077','Enrica Farron','friend'),('559-83-0506','Allyce Brickdale','helping role'),('560-77-2742','Theodosia Linnemann','helping role'),('561-88-5986','Nealson Bebbington','side role'),('563-32-7701','Hamlin Shakelade','friend'),('563-72-3816','Raine Plumstead','helping role'),('563-72-5852','Virgil Dakin','helping role'),('564-63-8949','Gretna Medmore','lead'),('565-50-9953','Beverlie Janczyk','friend'),('566-11-6265','Carlie Stoney','helping role'),('566-98-5107','Redd Fandrey','friend'),('567-22-9101','Lem Redwing','friend'),('568-28-0067','Toni Skechley','helping role'),('568-91-2022','Giacobo Van den Velde','helping role'),('569-45-2232','Mohammed Stoute','helping role'),('569-52-6184','Corri Garlant','helping role'),('569-62-6689','Brock Patriskson','side role'),('570-55-4776','Arnuad Cranmere','helping role'),('570-70-9730','Netti Longworthy','side role'),('571-65-4604','Marcelia Broadwell','friend'),('572-54-6292','Paddy Storrs','friend'),('572-58-1014','Reiko Tenman','friend'),('573-40-4388','Alexandro Eouzan','villain'),('574-17-9630','Traci Biford','friend'),('574-39-8047','Karine Reed','helping role'),('575-29-2905','Kane Janata','friend'),('575-66-5193','Rab Rearden','helping role'),('575-68-3328','Durward Kryszkiecicz','helping role'),('576-94-6330','Hanni Stephenson','friend'),('576-97-7328','Aile Duberry','friend'),('577-44-5316','Eleanor O\'Doohaine','helping role'),('578-31-4176','Ketti Duthie','helping role'),('579-44-0169','Kelwin Adamolli','helping role'),('579-98-0720','Calley Turrill','friend'),('580-30-7688','Mellisa Corbould','friend'),('580-34-6869','Kessia Gaylord','side role'),('580-74-5263','Cirilo Jedraszczyk','helping role'),('580-94-1703','Nicolis Janecek','helping role'),('581-42-8593','Joshia Humfrey','helping role'),('581-67-8452','Aveline Tomlett','villain'),('582-48-4230','Constantine Byrcher','side role'),('583-01-0804','Antonin Pentin','helping role'),('583-11-6978','Gizela Izaks','villain'),('583-23-5403','Felic Shovelbottom','side role'),('583-72-7958','Lynnett Spours','helping role'),('584-73-7462','Helen-elizabeth Tregian','helping role'),('585-15-3936','Amara Fildery','helping role'),('585-85-8172','Stephan Ainscough','helping role'),('586-37-0174','Elwyn Varah','side role'),('587-08-1757','Gerta Flippen','side role'),('587-68-0593','Rainer Gillions','villain'),('587-89-0051','Esme Christoffersen','lead'),('589-97-7493','Joycelin Dunlap','friend'),('590-52-4895','Hedwiga Verheijden','friend'),('592-19-5841','Nelie Bradnum','side role'),('593-22-4144','Emmye Louiset','friend'),('594-68-9073','Olenka Devany','friend'),('596-72-1696','Percy Klesl','helping role'),('596-89-0200','Moe Lyle','helping role'),('596-98-6627','Huntley Macourek','friend'),('597-13-4821','Wynn Esselen','helping role'),('597-24-5584','Warden Zecchi','friend'),('597-40-9185','Kirstyn Baughan','helping role'),('598-46-8239','Nathalie Pauling','friend'),('600-64-0207','Lucy Grissett','friend'),('602-80-8421','Dunn Izkovicz','villain'),('603-03-0693','Mel Lehrian','lead'),('604-63-9935','Coleman Trickey','friend'),('605-47-1174','Engracia Digance','lead'),('606-79-7380','Bayard Coat','helping role'),('610-38-0346','Ciel Waren','helping role'),('611-23-1491','Jsandye Nares','lead'),('611-97-3751','Emylee Helks','friend'),('612-08-2565','Odie Droogan','helping role'),('614-03-3258','Barby Coatham','friend'),('614-54-7332','Delphine Gingle','villain'),('615-12-6531','Gianni Kropach','helping role'),('617-82-2465','Timothea Gittis','friend'),('617-91-3501','Lynnea Tatton','friend'),('618-36-7560','Ardith Delleschi','helping role'),('619-56-4637','Ashlee Rhoddie','helping role'),('619-63-3341','Nicolai Fleeming','helping role'),('620-40-7910','Juana Fricke','villain'),('621-61-8841','Manon Addionisio','helping role'),('621-70-3860','Josy McGrory','friend'),('622-94-3181','Dilan Brocklehurst','side role'),('623-12-9513','Philip Facchini','friend'),('623-59-6549','Gerda Lars','helping role'),('625-10-0555','Olympia Dubock','side role'),('625-25-4930','Vite Blitz','helping role'),('625-56-7903','Corabella MacColl','helping role'),('625-94-3399','Hedda Scollan','helping role'),('625-94-5665','Rex Swine','friend'),('626-02-7421','Mella Pagan','villain'),('626-53-1346','Felipe Matejka','helping role'),('626-76-0134','Hort Tennison','side role'),('627-59-3513','Tedra Cleaton','helping role'),('628-25-2070','Sophi Brosoli','friend'),('628-33-2022','Cristian Detheridge','helping role'),('629-14-5882','Casey Teodori','helping role'),('629-80-7371','Eolanda Dullard','helping role'),('629-85-9050','Steffen Mabe','friend'),('630-39-2086','Jule Purdy','lead'),('632-12-5259','Peter Nesby','friend'),('632-20-4064','Freda Devanney','helping role'),('633-63-4628','Hilton Coldbathe','helping role'),('633-72-4678','Tandi Newbatt','helping role'),('634-20-4822','Willis Gloster','side role'),('634-92-5228','Thomasina Dudbridge','helping role'),('635-09-9174','Ange Winchurst','helping role'),('636-87-7244','Dyann De Ruggiero','helping role'),('637-61-9789','Benjamin Poytress','helping role'),('637-70-3857','Averil Orae','side role'),('638-63-9157','Berna Giacobillo','helping role'),('638-86-3504','Maxy McConaghy','side role'),('639-60-2231','Valencia Tiron','helping role'),('639-91-8270','Rollie Novkovic','friend'),('640-10-3772','Gail Haffard','helping role'),('640-54-9009','Tracie Woods','friend'),('640-91-1072','Verena Kedie','helping role'),('641-96-8518','Laurie McKellen','friend'),('643-99-4417','Ossie Cardenas','friend'),('644-37-9733','Marlow Vispo','friend'),('644-68-3463','Sollie Storrie','helping role'),('644-80-1413','Malorie Olivazzi','helping role'),('644-99-5679','Francesco Petrelli','helping role'),('645-12-6136','Bianka Baton','side role'),('645-42-9005','Barbara-anne Pregal','side role'),('645-65-8190','Ulrike Cherry','helping role'),('647-51-1106','Wake Pinnington','side role'),('647-80-9971','Celestyn Stovin','helping role'),('648-05-4082','Fonsie Whillock','friend'),('649-58-7197','Fraze Clements','lead'),('649-94-4361','Early Immer','side role'),('651-76-1655','Dill Gookey','friend'),('652-23-8421','Andi Bonas','helping role'),('654-69-2678','Fredek Betteson','friend'),('654-70-9034','Kinnie Gemmell','friend'),('655-13-5653','Danit Berthomier','helping role'),('655-41-8353','Patrick Squibe','friend'),('656-08-2499','Aindrea Scandroot','helping role'),('657-81-4122','Myriam MacCorkell','helping role'),('658-44-9667','Derby Ramm','helping role'),('659-53-5017','Gilberta Penhearow','side role'),('659-74-1388','Dalia Redd','friend'),('659-97-2417','Ira McGougan','villain'),('660-64-9497','Katy Waight','helping role'),('661-22-4620','Filbert Morrallee','friend'),('661-69-6928','Pauly Jozsika','friend'),('662-51-5801','Randell Haquard','helping role'),('663-69-2224','Quinton Baldin','side role'),('663-88-5812','Tadeas Willgrass','helping role'),('664-47-6360','Maddy Syddon','helping role'),('664-52-5040','Dedra Carwithim','helping role'),('665-35-4301','Daffie Cordingly','side role'),('665-42-3591','Adena Musker','side role'),('665-98-1820','Row Bissex','villain'),('669-15-6834','Malinda Zorzenoni','lead'),('669-95-2384','Earl Siverns','friend'),('671-54-2442','Crissie Dizlie','friend'),('671-63-7469','Cherise Loughton','side role'),('671-87-3296','Kim O\' Faherty','helping role'),('672-06-6867','Lanette Van Hove','lead'),('676-06-1389','Ogdon Hollow','friend'),('676-17-5794','Shaina Benoix','friend'),('677-34-6911','Rolando Jost','helping role'),('677-79-2007','Isobel Beran','villain'),('678-23-8673','Winifield De Micoli','friend'),('681-41-3862','Aindrea Speirs','helping role'),('682-17-7018','Tobiah Reyburn','friend'),('682-27-3420','Ashil Boame','lead'),('684-82-8705','Marcie Doreward','helping role'),('685-91-7566','Alice Bradburne','friend'),('685-93-5183','Yancy Don','friend'),('686-13-8132','Gasparo Craghead','villain'),('686-42-1210','Melody Penrose','helping role'),('686-88-0282','Nancy Lempke','side role'),('687-22-8242','Durward Jurkiewicz','helping role'),('687-64-4125','Billi Foynes','side role'),('687-73-2029','Nata Mico','helping role'),('687-95-7701','Aristotle Ferreli','villain'),('688-44-5809','Kit Obington','side role'),('689-45-6798','Garvy Wicken','villain'),('692-84-1734','Gan Freeberne','friend'),('692-91-9228','Melvyn Corradetti','side role'),('693-80-4348','Lia Gowthorpe','side role'),('694-98-4038','Alix McGeachie','helping role'),('696-19-5612','Conrad Ayers','helping role'),('696-40-7667','Bink Pickersgill','helping role'),('696-42-2436','Arlene Steffan','villain'),('697-88-3843','Nerti Senter','side role'),('699-12-6944','Morgana Shurlock','side role'),('699-81-0966','Martie Blick','friend'),('700-70-5450','Derron Unstead','friend'),('700-70-7739','Barby Pym','side role'),('701-69-9824','Harley Gerardi','friend'),('701-93-7475','Flori Coxall','friend'),('703-67-7693','Tandie Falkingham','helping role'),('703-70-1728','Mano Sawney','helping role'),('703-72-0293','Carmencita Kochl','helping role'),('703-83-0062','Maye Blyden','helping role'),('705-70-8498','Anallise Headings','villain'),('705-77-7030','Alfreda Maylott','helping role'),('706-57-4197','Sybila Torra','friend'),('707-57-2063','Reginauld Willford','friend'),('708-40-0827','Jerrie Impett','helping role'),('708-86-5094','Sully Brane','side role'),('709-85-8769','Renata Knivett','helping role'),('709-91-7439','Kriste Alltimes','side role'),('710-18-3690','Mitchell Dolby','helping role'),('710-21-4454','Francisco Beech','side role'),('710-45-0215','Raoul Seymer','lead'),('710-81-0380','Gun Ferroni','friend'),('711-16-3362','Larina Tooth','helping role'),('711-68-0149','Fredi Gallgher','lead'),('711-71-3871','Nina Vanini','helping role'),('712-07-0660','Thalia Heustice','helping role'),('712-15-2871','Merwin York','helping role'),('714-02-8282','Constance Watford','side role'),('714-72-9292','Jasmine Ciraldo','friend'),('715-10-2892','Farah Shemmans','helping role'),('715-34-0974','Merle Vanyushkin','helping role'),('715-60-5070','Olivette Mowatt','helping role'),('716-81-1135','Marsha Glover','friend'),('717-37-9737','Flossie Turnell','helping role'),('717-75-4726','Pepi Oakes','helping role'),('718-11-5089','Jolene Blueman','friend'),('719-47-4956','Abel Lindgren','friend'),('720-58-0989','Heath Rosgen','side role'),('720-61-4951','Drusilla Sherburn','helping role'),('721-61-4000','Carlos Clancy','lead'),('721-70-6467','Bunny McVity','side role'),('723-17-6440','Chester Maffin','lead'),('726-86-1586','Evin Kissack','friend'),('727-88-7805','Olvan Gideon','helping role'),('728-28-4131','Marni Kensett','friend'),('728-80-8653','Gabriella Suddell','helping role'),('729-82-5779','Naoma Huggin','side role'),('729-95-6149','Mattie Laugheran','helping role'),('730-81-1714','Burtie Buske','friend'),('732-55-9131','Emma Eager','helping role'),('733-73-2252','Shannan Aleixo','helping role'),('733-86-3892','Leigha Guice','friend'),('733-88-3357','Aurlie Fawcus','helping role'),('734-93-1364','Alix Plank','friend'),('735-07-6692','Ambrosi Veel','helping role'),('736-29-7941','Chet Rhubottom','helping role'),('739-14-4899','Sutherlan Bliben','helping role'),('740-49-9953','Cindelyn Flinn','friend'),('742-32-4517','Lisha Hebblewhite','helping role'),('743-02-5814','Heriberto Clarson','friend'),('743-43-7536','Wolfgang Yancey','helping role'),('744-80-9476','Paquito Huntar','side role'),('745-86-4496','Kathrine O\'Donovan','helping role'),('745-88-3999','Hynda Tommaseo','villain'),('746-61-3389','Roxane Cranna','helping role'),('747-88-2860','Pearle Girke','friend'),('748-78-2007','Reinald Webland','friend'),('749-80-9304','Gabriello Lorain','friend'),('751-83-2990','Hammad Battisson','friend'),('752-36-4840','Bobby Giffin','friend'),('754-11-3573','Art Bridell','side role'),('755-16-9890','Fawn Crumbleholme','side role'),('755-60-9404','Danny Carah','lead'),('759-21-9195','Sharity Gehricke','friend'),('759-60-5920','Biddy Greenroa','villain'),('760-41-1203','Rooney Stagg','helping role'),('763-85-5306','Tansy Chave','helping role'),('765-70-2019','Wright Baxter','helping role'),('766-56-0566','Kilian Sanders','helping role'),('767-13-1111','Cacilia Vogelein','helping role'),('768-49-6331','Grete McLae','friend'),('770-09-9848','Dillon Swafford','friend'),('770-63-3600','Morse Galbraith','side role'),('771-51-3769','Lyndy Welton','friend'),('773-16-2295','Johanna Sucre','helping role'),('773-43-4729','Claudia Dolligon','helping role'),('773-44-8086','Walsh Crocroft','friend'),('776-22-0002','Izak Berdale','lead'),('776-55-1187','Ilene Connell','helping role'),('777-08-1844','Jobyna Danell','helping role'),('777-15-5892','Bernadette Crease','helping role'),('779-42-8706','Petrina Mantrup','lead'),('780-68-4713','Ernie McGifford','helping role'),('780-91-6415','Magdaia Zettler','helping role'),('781-02-1225','Jaclyn Hastilow','helping role'),('781-55-1160','Luise Gavigan','side role'),('781-63-6896','Keri Roddie','helping role'),('781-87-1578','Cyndi Easeman','friend'),('782-70-7752','Tait Raggitt','helping role'),('783-24-4894','Torey Neate','friend'),('783-69-2253','Mitchell Farman','friend'),('785-79-5732','Katine Zecchini','helping role'),('787-02-7498','Tyrone Dallimare','helping role'),('787-39-2131','Nerissa Brain','villain'),('787-98-9445','Willi Wedlake','helping role'),('788-85-0533','Elayne Le Claire','side role'),('789-87-9241','Elka Whiscard','helping role'),('790-42-5641','Mabel Goodday','helping role'),('791-40-5973','Sancho Crass','friend'),('792-92-9004','Giffy McLise','helping role'),('793-77-2046','Hetty Guinness','villain'),('793-94-9830','Brittan Brannan','lead'),('794-08-5125','Chester Lafford','side role'),('794-29-2226','Errick Babbs','helping role'),('794-76-6184','Shell Page','side role'),('795-17-2164','Harlan Bondley','friend'),('795-36-0535','Devora Gayne','helping role'),('795-50-5200','Eloisa Rysom','side role'),('795-74-8995','Lionello Dubock','helping role'),('796-41-8425','Lynett Ales','helping role'),('797-55-4558','Christel Veracruysse','helping role'),('797-82-2826','Colas Baude','helping role'),('798-38-8642','Wyndham MacKomb','helping role'),('799-23-9075','Guinevere Francesch','side role'),('799-63-2384','Kevin Lindenfeld','friend'),('799-75-9049','Lalo Nutten','friend'),('800-75-8055','Christiane Lanegran','helping role'),('800-98-0041','Wilmette Beswick','helping role'),('801-03-1253','Alleyn Tyrrell','villain'),('801-16-1728','Josiah Skyram','helping role'),('801-21-7329','Shirlene Satcher','helping role'),('802-72-2559','Clementius Apfler','friend'),('803-85-5537','Stafford Celler','side role'),('804-17-2143','Shauna Leffek','helping role'),('804-47-7027','Becki Course','helping role'),('805-24-9474','Crawford Burnage','helping role'),('805-47-5392','Salomon Janecek','side role'),('807-40-4585','Caprice Childs','helping role'),('808-77-6805','Jobina Mayes','villain'),('808-94-6101','Ric Fallen','friend'),('809-42-4941','Fabe Grenkov','lead'),('809-96-4438','Ulla Galley','helping role'),('810-99-0534','Jocko Santostefano.','helping role'),('815-66-3292','Rahel Smart','helping role'),('815-78-2127','Siegfried Rawsthorne','friend'),('815-86-4082','Bartholomeus Elie','helping role'),('816-03-1013','Alain Jude','helping role'),('816-27-0726','Libbi De Michele','helping role'),('816-39-4497','Adelaida Leyshon','friend'),('817-27-9721','Chery MacQuist','friend'),('817-71-2560','Blakelee Wormleighton','helping role'),('819-49-0361','Livy Murtagh','helping role'),('821-46-3084','Leilah Koba','helping role'),('823-02-4468','Bartholomew Rasch','side role'),('826-79-6799','Lurlene Peatheyjohns','helping role'),('826-79-9543','Othella Fauguel','villain'),('826-98-1105','Josy Hassan','helping role'),('827-08-1296','Dannie Gaddie','friend'),('828-98-1712','Herminia Ivatts','friend'),('829-24-3056','Pollyanna Wisniewski','helping role'),('830-41-7521','Yves Duley','side role'),('830-71-7241','Zacharia Alenichev','friend'),('831-27-6147','Bernie Pitkeathly','friend'),('831-36-2201','Quintana Crennell','helping role'),('832-32-7780','Curtis Giacomucci','friend'),('834-63-8844','Biddy Gerrelts','helping role'),('834-86-1207','Kimbra Giroldi','villain'),('835-31-9456','Skye Dorkens','friend'),('836-96-1161','Austin Keats','side role'),('837-02-8605','Eba Kinver','helping role'),('837-74-1841','Leroi Laurenson','side role'),('838-30-3450','Obed Mulkerrins','side role'),('840-55-6574','Juliane Westpfel','helping role'),('841-17-9728','Abram De Nisco','helping role'),('841-51-9732','Nevsa Parlet','side role'),('841-57-7277','Clio Hakewell','helping role'),('841-58-2331','Jermain Vezey','friend'),('842-01-6442','Saw Droghan','friend'),('844-62-8539','Marilyn Aronovitz','helping role'),('845-35-9734','Adelaide Golding','helping role'),('847-18-3166','Gwyneth O\'Sheils','helping role'),('848-37-6427','Phillip Weepers','helping role'),('848-48-4160','Zelig Sames','side role'),('848-62-1840','Filide Warriner','helping role'),('849-07-4501','Way McJury','helping role'),('851-05-7308','Yovonnda Bouts','helping role'),('852-77-7089','Petronilla Youel','helping role'),('853-17-3263','Tobi Corrison','helping role'),('853-86-9561','Albert Pena','friend'),('854-02-5909','Filippo Zellmer','friend'),('854-76-4215','Rayner Kinkade','helping role'),('855-47-1350','Purcell Flahy','friend'),('856-87-4105','Johanna Wake','helping role'),('859-36-1677','Ludwig Emptage','helping role'),('859-61-0136','Noel Whayman','friend'),('860-92-9584','Alika Sowthcote','helping role'),('861-84-9610','Peadar Humpherston','helping role'),('862-77-3136','Francis Annion','helping role'),('862-94-5159','Ketti Tester','friend'),('864-75-2260','Conant Burfitt','helping role'),('864-88-9031','Renae Fant','friend'),('866-21-3539','Rochella Ingon','helping role'),('868-77-0047','Jere Hazleton','helping role'),('869-72-6691','Nobe Prandy','friend'),('870-38-2274','Forbes Desporte','helping role'),('870-68-2755','Lemmie Hounsome','lead'),('871-68-1947','Gerladina Pratton','side role'),('874-23-9848','Joelynn Arrol','friend'),('874-37-4982','Nanci Maryott','helping role'),('875-43-9537','Bond Como','helping role'),('875-51-0833','Thedrick McManamen','side role'),('877-56-1852','Lewie Tortis','helping role'),('877-84-2547','Jessica Giraux','friend'),('878-35-4828','Hendrik McMenamie','helping role'),('880-77-0628','Helaine Basson','friend'),('880-92-3338','Levin Trye','friend'),('881-01-7716','Ferdie Wither','helping role'),('883-42-7704','Hyacinth Roy','lead'),('885-32-6279','Marv Abells','helping role'),('886-50-8724','Alister Allbon','helping role'),('888-63-6841','Lindsay Gilbane','friend'),('889-34-8675','Lacie Shuttleworth','helping role'),('889-99-7841','Shirley Berns','helping role'),('890-04-3990','Yoshiko Sieve','friend'),('890-12-3284','Lindsey Binion','villain'),('890-81-1701','Wallis Burt','helping role'),('891-64-1213','Rosalinde Rubanenko','lead'),('892-17-9046','Gage Sherbrooke','friend'),('892-30-3915','Bobby Petican','helping role'),('893-23-3410','Ardelis Petera','friend'),('894-04-6441','Emilio Dalrymple','friend'),('894-24-5221','Marybeth Goodsell','helping role'),('894-69-4993','Vivyan Reichhardt','friend'),('894-78-9029','Manda Gonnet','villain'),('894-83-5379','Deb Sjollema','helping role'),('897-06-7244','Lindi Adin','helping role'),('897-44-1020','Rosamond Heineking','side role'),('897-61-7480','Hammad Wands','helping role'),('897-63-6393','Angeline Dicey','side role'),('897-89-8830','Leilah Corpe','helping role'),('898-10-6964','Sharity Towll','helping role'),('898-59-2527','Charley Bourgourd','lead'),('898-93-7187','Carlee Quince','side role'),('899-41-0889','Zola Stodart','friend');
/*!40000 ALTER TABLE `artist` ENABLE KEYS */;
UNLOCK TABLES;

--
-- Table structure for table `available_on`
--

DROP TABLE IF EXISTS `available_on`;
/*!40101 SET @saved_cs_client     = @@character_set_client */;
/*!50503 SET character_set_client = utf8mb4 */;
CREATE TABLE `available_on` (
  `movie_id` int NOT NULL,
  `ott_id` int NOT NULL,
  PRIMARY KEY (`movie_id`,`ott_id`),
  KEY `fk_movies_has_OTT_OTT1_idx` (`ott_id`),
  KEY `fk_movies_has_OTT_movies1_idx` (`movie_id`),
  CONSTRAINT `fk_movies_has_OTT_movies1` FOREIGN KEY (`movie_id`) REFERENCES `movies` (`movie_id`),
  CONSTRAINT `fk_movies_has_OTT_OTT1` FOREIGN KEY (`ott_id`) REFERENCES `OTT` (`ott_id`)
) ENGINE=InnoDB DEFAULT CHARSET=utf8mb4 COLLATE=utf8mb4_0900_ai_ci;
/*!40101 SET character_set_client = @saved_cs_client */;

--
-- Dumping data for table `available_on`
--

LOCK TABLES `available_on` WRITE;
/*!40000 ALTER TABLE `available_on` DISABLE KEYS */;
INSERT INTO `available_on` VALUES (147,123),(170,123),(195,123),(359,123),(384,123),(477,123),(710,123),(839,123),(896,123),(1033,123),(1048,123),(1082,123),(1230,123),(1365,123),(1419,123),(1523,123),(1544,123),(1857,123),(1858,123),(1864,123),(1938,123),(1976,123),(2090,123),(2275,123),(2294,123),(2347,123),(2476,123),(2571,123),(2664,123),(2727,123),(2733,123),(2893,123),(2981,123),(2990,123),(3022,123),(3045,123),(3116,123),(3186,123),(3424,123),(3432,123),(3454,123),(3457,123),(3481,123),(3517,123),(3541,123),(3543,123),(3571,123),(3603,123),(3604,123),(3648,123),(3774,123),(3888,123),(3936,123),(3952,123),(4001,123),(4152,123),(4338,123),(4394,123),(4519,123),(4720,123),(5188,123),(5345,123),(5380,123),(5427,123),(5444,123),(5507,123),(5696,123),(5743,123),(5783,123),(5892,123),(6047,123),(6064,123),(6080,123),(6119,123),(6138,123),(6199,123),(6317,123),(6354,123),(6389,123),(6503,123),(6614,123),(6636,123),(6729,123),(6757,123),(6782,123),(6838,123),(6914,123),(6948,123),(7152,123),(7222,123),(7278,123),(7392,123),(7406,123),(7447,123),(7450,123),(7493,123),(7623,123),(7717,123),(7800,123),(7827,123),(7947,123),(8080,123),(8340,123),(8453,123),(8638,123),(8697,123),(8760,123),(8840,123),(8848,123),(8889,123),(8899,123),(8919,123),(8923,123),(9002,123),(9012,123),(9019,123),(9058,123),(9290,123),(9431,123),(9432,123),(9437,123),(9493,123),(9545,123),(9546,123),(9610,123),(9614,123),(9822,123),(9912,123),(9941,123),(9968,123),(145,234),(333,234),(334,234),(353,234),(367,234),(461,234),(526,234),(574,234),(610,234),(657,234),(760,234),(793,234),(795,234),(805,234),(890,234),(962,234),(1071,234),(1132,234),(1153,234),(1154,234),(1201,234),(1256,234),(1313,234),(1498,234),(1503,234),(1866,234),(2208,234),(2223,234),(2419,234),(2487,234),(2607,234),(2836,234),(2840,234),(2849,234),(2892,234),(2917,234),(3202,234),(3222,234),(3249,234),(3299,234),(3627,234),(3703,234),(3731,234),(3760,234),(3811,234),(3926,234),(4047,234),(4093,234),(4138,234),(4242,234),(4288,234),(4293,234),(4297,234),(4400,234),(4478,234),(4574,234),(4596,234),(4619,234),(4718,234),(4807,234),(4868,234),(4913,234),(4954,234),(4989,234),(5005,234),(5070,234),(5113,234),(5233,234),(5264,234),(5331,234),(5502,234),(5552,234),(5586,234),(5590,234),(5643,234),(5697,234),(5839,234),(5921,234),(5988,234),(6127,234),(6160,234),(6280,234),(6313,234),(6381,234),(6449,234),(6469,234),(6611,234),(6700,234),(6991,234),(7003,234),(7079,234),(7097,234),(7216,234),(7352,234),(7419,234),(7491,234),(7523,234),(7624,234),(7820,234),(7941,234),(8023,234),(8057,234),(8166,234),(8168,234),(8234,234),(8238,234),(8311,234),(8335,234),(8416,234),(8690,234),(8713,234),(8723,234),(8726,234),(8772,234),(8773,234),(8890,234),(8918,234),(8922,234),(8967,234),(8988,234),(9039,234),(9076,234),(9105,234),(9137,234),(9158,234),(9165,234),(9176,234),(9225,234),(9254,234),(9366,234),(9444,234),(9484,234),(9489,234),(9577,234),(9599,234),(9634,234),(9851,234),(9855,234),(9874,234),(17,345),(161,345),(247,345),(264,345),(297,345),(331,345),(400,345),(565,345),(586,345),(703,345),(721,345),(750,345),(773,345),(915,345),(932,345),(953,345),(967,345),(980,345),(1089,345),(1210,345),(1282,345),(1372,345),(1485,345),(1490,345),(1531,345),(1614,345),(1749,345),(1898,345),(1920,345),(2028,345),(2042,345),(2044,345),(2057,345),(2087,345),(2153,345),(2190,345),(2297,345),(2378,345),(2533,345),(2594,345),(2862,345),(2874,345),(2898,345),(3057,345),(3287,345),(3314,345),(3345,345),(3354,345),(3376,345),(3379,345),(3392,345),(3394,345),(3631,345),(3682,345),(3717,345),(3792,345),(3893,345),(3983,345),(4022,345),(4097,345),(4187,345),(4265,345),(4280,345),(4284,345),(4313,345),(4483,345),(4484,345),(4497,345),(4554,345),(4881,345),(4955,345),(4964,345),(5058,345),(5061,345),(5100,345),(5162,345),(5221,345),(5225,345),(5279,345),(5320,345),(5371,345),(5378,345),(5469,345),(5520,345),(5533,345),(5560,345),(5644,345),(5647,345),(5695,345),(5811,345),(5819,345),(5897,345),(5963,345),(5977,345),(6035,345),(6362,345),(6385,345),(6516,345),(6566,345),(6753,345),(6784,345),(6828,345),(6870,345),(6906,345),(7053,345),(7063,345),(7074,345),(7123,345),(7133,345),(7369,345),(7452,345),(7461,345),(7480,345),(7563,345),(7758,345),(7801,345),(7824,345),(7966,345),(7981,345),(8006,345),(8030,345),(8124,345),(8240,345),(8271,345),(8272,345),(8275,345),(8464,345),(8503,345),(8563,345),(8620,345),(8660,345),(8705,345),(8731,345),(8787,345),(9035,345),(9182,345),(9192,345),(9197,345),(9268,345),(9328,345),(9523,345),(9543,345),(9580,345),(9597,345),(9618,345),(9688,345),(9850,345),(9,456),(185,456),(242,456),(364,456),(470,456),(629,456),(724,456),(767,456),(825,456),(886,456),(908,456),(934,456),(1029,456),(1123,456),(1127,456),(1257,456),(1295,456),(1576,456),(1597,456),(1628,456),(1648,456),(1672,456),(1691,456),(1724,456),(1775,456),(1876,456),(2031,456),(2064,456),(2136,456),(2150,456),(2197,456),(2209,456),(2225,456),(2253,456),(2326,456),(2442,456),(2770,456),(2979,456),(3014,456),(3086,456),(3187,456),(3281,456),(3294,456),(3326,456),(3431,456),(3508,456),(3536,456),(3540,456),(3690,456),(3747,456),(3818,456),(3859,456),(3870,456),(3976,456),(4059,456),(4086,456),(4106,456),(4233,456),(4294,456),(4399,456),(4414,456),(4416,456),(4481,456),(4611,456),(4645,456),(4679,456),(4981,456),(5019,456),(5183,456),(5260,456),(5296,456),(5392,456),(5422,456),(5587,456),(5591,456),(5638,456),(5721,456),(5858,456),(5966,456),(5993,456),(6000,456),(6003,456),(6009,456),(6026,456),(6045,456),(6115,456),(6157,456),(6159,456),(6165,456),(6169,456),(6179,456),(6230,456),(6239,456),(6388,456),(6394,456),(6609,456),(6663,456),(6697,456),(6762,456),(6817,456),(6912,456),(6963,456),(7209,456),(7512,456),(7541,456),(7572,456),(7645,456),(7661,456),(7678,456),(7809,456),(7810,456),(7832,456),(7887,456),(8007,456),(8195,456),(8414,456),(8536,456),(8664,456),(8771,456),(8854,456),(8884,456),(9020,456),(9130,456),(9161,456),(9205,456),(9324,456),(9547,456),(9873,456),(9945,456),(9979,456),(9982,456),(138,567),(341,567),(502,567),(681,567),(859,567),(905,567),(930,567),(1019,567),(1077,567),(1080,567),(1220,567),(1323,567),(1364,567),(1625,567),(1678,567),(1711,567),(1843,567),(1855,567),(1892,567),(2036,567),(2077,567),(2119,567),(2140,567),(2206,567),(2277,567),(2383,567),(2401,567),(2405,567),(2443,567),(2570,567),(2609,567),(2740,567),(2773,567),(2826,567),(2844,567),(2859,567),(2880,567),(2882,567),(2925,567),(3031,567),(3051,567),(3083,567),(3113,567),(3117,567),(3201,567),(3242,567),(3455,567),(3472,567),(3486,567),(3506,567),(3554,567),(3586,567),(3590,567),(3626,567),(3770,567),(3779,567),(3806,567),(3918,567),(3960,567),(3962,567),(3969,567),(4050,567),(4316,567),(4392,567),(4466,567),(4676,567),(4738,567),(4851,567),(4872,567),(4921,567),(5008,567),(5068,567),(5148,567),(5240,567),(5274,567),(5284,567),(5570,567),(5650,567),(5722,567),(5776,567),(5789,567),(5891,567),(5961,567),(6112,567),(6121,567),(6204,567),(6252,567),(6281,567),(6285,567),(6287,567),(6320,567),(6515,567),(6523,567),(6532,567),(6596,567),(6695,567),(6727,567),(6834,567),(6840,567),(6856,567),(6919,567),(6925,567),(6972,567),(6983,567),(7043,567),(7291,567),(7334,567),(7356,567),(7589,567),(7590,567),(7889,567),(7898,567),(8042,567),(8067,567),(8117,567),(8225,567),(8256,567),(8399,567),(8517,567),(8667,567),(8845,567),(8924,567),(8982,567),(9044,567),(9060,567),(9207,567),(9251,567),(9267,567),(9321,567),(9384,567),(9593,567),(9670,567),(9836,567),(9900,567),(82,678),(88,678),(137,678),(197,678),(259,678),(428,678),(444,678),(450,678),(580,678),(581,678),(653,678),(663,678),(741,678),(916,678),(941,678),(1075,678),(1129,678),(1233,678),(1287,678),(1301,678),(1380,678),(1407,678),(1598,678),(1626,678),(1719,678),(1942,678),(1978,678),(2029,678),(2030,678),(2052,678),(2060,678),(2107,678),(2166,678),(2407,678),(2445,678),(2498,678),(2538,678),(2559,678),(2581,678),(2583,678),(2600,678),(2725,678),(2739,678),(2779,678),(2899,678),(2975,678),(3023,678),(3025,678),(3043,678),(3071,678),(3105,678),(3173,678),(3203,678),(3273,678),(3277,678),(3365,678),(3375,678),(3383,678),(3514,678),(3525,678),(3674,678),(3761,678),(3789,678),(3805,678),(3860,678),(3885,678),(3897,678),(3899,678),(3993,678),(4026,678),(4037,678),(4040,678),(4077,678),(4196,678),(4223,678),(4330,678),(4453,678),(4527,678),(4582,678),(4666,678),(4772,678),(4865,678),(4953,678),(5011,678),(5076,678),(5089,678),(5101,678),(5238,678),(5358,678),(5503,678),(5573,678),(5680,678),(5691,678),(5747,678),(5766,678),(5791,678),(5829,678),(5846,678),(5916,678),(5994,678),(6217,678),(6367,678),(6417,678),(6451,678),(6551,678),(6554,678),(6577,678),(6597,678),(6613,678),(6628,678),(6719,678),(6744,678),(6804,678),(6921,678),(6931,678),(6976,678),(7117,678),(7208,678),(7231,678),(7241,678),(7256,678),(7277,678),(7279,678),(7444,678),(7638,678),(7737,678),(7795,678),(7817,678),(7894,678),(7917,678),(8151,678),(8170,678),(8212,678),(8231,678),(8268,678),(8334,678),(8345,678),(8358,678),(8367,678),(8444,678),(8466,678),(8522,678),(8579,678),(8650,678),(8683,678),(8692,678),(8733,678),(8784,678),(9033,678),(9234,678),(9288,678),(9311,678),(9554,678),(9612,678),(9647,678),(9696,678),(9863,678),(9880,678),(9902,678),(23,789),(204,789),(307,789),(332,789),(396,789),(481,789),(627,789),(634,789),(639,789),(757,789),(817,789),(918,789),(929,789),(952,789),(983,789),(1034,789),(1296,789),(1354,789),(1438,789),(1510,789),(1564,789),(1673,789),(1808,789),(2096,789),(2183,789),(2301,789),(2312,789),(2354,789),(2415,789),(2670,789),(2714,789),(2847,789),(2956,789),(2973,789),(2987,789),(3009,789),(3131,789),(3311,789),(3423,789),(3533,789),(3810,789),(3816,789),(3817,789),(3832,789),(3841,789),(3921,789),(3954,789),(4229,789),(4264,789),(4279,789),(4344,789),(4345,789),(4419,789),(4546,789),(4775,789),(4893,789),(5009,789),(5252,789),(5288,789),(5289,789),(5386,789),(5404,789),(5459,789),(5505,789),(5526,789),(5812,789),(5918,789),(6033,789),(6075,789),(6298,789),(6341,789),(6495,789),(6657,789),(6709,789),(6799,789),(6880,789),(6924,789),(6953,789),(7118,789),(7294,789),(7342,789),(7401,789),(7434,789),(7774,789),(7994,789),(8029,789),(8046,789),(8074,789),(8165,789),(8203,789),(8350,789),(8501,789),(8645,789),(8655,789),(8666,789),(8687,789),(8753,789),(8754,789),(8806,789),(8861,789),(8939,789),(8977,789),(8986,789),(9041,789),(9075,789),(9206,789),(9216,789),(9369,789),(9456,789),(9498,789),(9632,789),(9648,789),(9718,789),(9877,789);
/*!40000 ALTER TABLE `available_on` ENABLE KEYS */;
UNLOCK TABLES;

--
-- Table structure for table `card`
--

DROP TABLE IF EXISTS `card`;
/*!40101 SET @saved_cs_client     = @@character_set_client */;
/*!50503 SET character_set_client = utf8mb4 */;
CREATE TABLE `card` (
  `card_no` varchar(45) NOT NULL,
  `card_name` varchar(45) NOT NULL,
  `card_expiry` varchar(45) NOT NULL,
  `card_cvv` int NOT NULL,
  `user_ssn` varchar(45) NOT NULL,
  PRIMARY KEY (`card_no`),
  UNIQUE KEY `card_no_UNIQUE` (`card_no`),
  KEY `fk_card_user1_idx` (`user_ssn`),
  CONSTRAINT `fk_card_user1` FOREIGN KEY (`user_ssn`) REFERENCES `user` (`user_ssn`)
) ENGINE=InnoDB DEFAULT CHARSET=utf8mb4 COLLATE=utf8mb4_0900_ai_ci;
/*!40101 SET character_set_client = @saved_cs_client */;

--
-- Dumping data for table `card`
--

LOCK TABLES `card` WRITE;
/*!40000 ALTER TABLE `card` DISABLE KEYS */;
INSERT INTO `card` VALUES ('201400740558571','Austin Kobierski','01/30/2021',105,'806-91-6804'),('201409889015715','Cassi Kindred','09/27/2024',565,'781-80-3493'),('201438552633652','Luz Screen','10/16/2022',600,'535-10-2932'),('201444262580993','Steven Checketts','07/19/2021',154,'146-95-1098'),('201447302894258','Cati Dracey','08/29/2021',441,'140-01-6027'),('201453624974240','Leonid Dunmuir','01/06/2024',928,'776-25-3906'),('201535190404113','Jo ann Hollow','02/05/2021',802,'570-64-0104'),('201549481158627','Hayden Heber','03/18/2021',258,'119-13-1552'),('201574801216434','Anna Haslock','09/27/2024',693,'597-22-6835'),('201575774338436','Calla MacConnel','02/23/2023',388,'740-68-2619'),('201587016077508','Smitty Edmenson','09/01/2022',926,'501-93-2283'),('201588185158764','Joan Moreno','09/20/2021',203,'207-92-8379'),('201591784403805','Lauraine Guise','01/21/2024',219,'895-90-8011'),('201595266668868','Nicol Fenners','10/18/2021',622,'758-16-1888'),('201597504007008','Ruddy Fugere','07/25/2023',472,'471-09-7118'),('201614225326631','Glendon Whistlecraft','06/06/2021',95,'157-54-9199'),('201625669778012','Evey Speerman','08/15/2022',248,'659-21-4534'),('201638127138893','Flor Tooting','09/14/2023',348,'308-09-4016'),('201644849263332','Petronia Bolitho','02/23/2021',680,'692-58-2528'),('201656391805617','Chas Bagenal','07/30/2024',725,'854-57-2350'),('201660370475970','Hansiain Possell','05/30/2023',307,'812-03-5066'),('201697298995143','Egor Boswell','12/01/2023',640,'159-59-2345'),('201703128081318','Gabrielle Roads','10/11/2021',619,'745-22-2282'),('201707249294338','Francoise Levinge','10/13/2022',267,'836-05-7140'),('201715193440955','Ericha Fedoronko','09/22/2022',114,'562-15-6431'),('201746231656781','Cornall Damant','04/21/2022',238,'500-85-3574'),('201753034427048','Torry Ivanishchev','01/21/2023',659,'115-15-8062'),('201755425295520','Janaya Vell','09/21/2022',634,'444-50-7664'),('201782424786887','Carlin Dingwall','12/06/2022',894,'218-67-2607'),('201784899035568','Clemmy Brodley','08/26/2023',223,'501-58-4437'),('201817251907808','Emmie Liles','05/14/2023',191,'158-90-5673'),('201824730597622','Alisha Brognot','09/22/2024',838,'329-61-8247'),('201841114754801','Dannie Decreuze','02/15/2022',949,'308-29-9582'),('201855006058691','Rik Torn','07/12/2023',24,'815-36-2289'),('201862098081987','Brig Laird-Craig','10/18/2022',718,'326-10-7028'),('201885879612274','Niki Meir','08/24/2023',835,'384-54-5680'),('201889916736666','Rodger Sheehan','06/09/2021',759,'506-25-8286'),('201907315590839','Keary Pesselt','04/21/2021',125,'469-11-0478'),('201927147229927','Caitlin de\'-Ancy Willis','02/11/2021',714,'606-31-3022'),('201962133693307','Lester Peracco','04/11/2021',390,'672-21-4883'),('201969623149039','Frederigo Teale','05/28/2021',295,'396-95-2916'),('201986256143329','Jodi Blumire','06/23/2022',753,'864-11-7098'),('201997354470993','Samantha Tregear','04/08/2022',528,'413-88-1060'),('201999324694835','Hartwell Whaplington','06/14/2021',984,'394-85-2741'),('30001375835412','Chick Minihan','08/09/2021',70,'418-95-2999'),('30018835339850','Clarinda Sparkes','12/24/2020',367,'379-95-3862'),('30052059002217','Hamel Burbidge','12/27/2020',231,'518-36-7074'),('30054473062082','Cameron Capponer','05/29/2021',460,'259-41-3998'),('30076721682171','Alicea Janssens','08/28/2022',626,'855-99-7128'),('30077710158900','Ada Fairholme','10/21/2024',490,'788-73-2032'),('30107288858639','Merrill Phettis','03/22/2022',540,'352-82-0017'),('30122158648242','Karly Plumbridge','07/31/2023',862,'157-40-0531'),('30124305241707','Jennifer Kernar','12/08/2023',734,'162-29-4808'),('30132873030790','Roy Neem','05/07/2024',652,'851-99-6694'),('30134616724499','Rutherford Hanhart','12/01/2023',603,'742-59-6200'),('30149060559712','Vitia Hoodspeth','05/16/2022',57,'869-75-2115'),('30153728416448','Adham Capper','04/08/2022',483,'296-96-4237'),('30182106942832','Reinaldos Grelak','03/22/2022',972,'397-31-7404'),('30184071908459','Jenica Bonafacino','08/03/2024',932,'699-36-5873'),('30184358844682','Benson Yukhnov','05/17/2022',971,'476-35-0163'),('30233101836006','Augustina Chewter','07/23/2021',573,'200-59-9805'),('30235051421606','Consuela Bargery','03/23/2024',319,'797-71-1452'),('30267254096406','Olva Partkya','06/06/2022',833,'352-94-9885'),('30280979300607','Marcus Madine','12/31/2022',546,'674-02-9654'),('30295672415304','Jorrie Burnside','04/07/2024',919,'511-58-2477'),('30311467282427','Celinda Keeley','06/01/2023',232,'589-41-3911'),('30312501634995','Meriel Klimczak','01/31/2021',64,'423-75-5845'),('30330201197717','Thalia Cuthbertson','01/08/2023',229,'299-10-5090'),('30332614220011','Micah Sans','03/25/2024',769,'573-64-2031'),('30335034650980','Drona Carrabott','10/25/2024',192,'425-50-0198'),('30338451675191','Mathian Lilburn','03/31/2023',501,'202-57-3717'),('30366616342456','Emlyn De Gregoli','12/13/2021',806,'257-70-4655'),('30396866295427','Vania Elfleet','07/12/2022',514,'496-07-6929'),('30407706837268','Kleon Aggis','10/30/2024',69,'363-45-9168'),('30419113784918','Georges Valentin','03/07/2021',615,'765-55-1978'),('30436773710033','Camile Giamelli','01/13/2021',55,'262-54-9072'),('30439160543694','Giralda Tancock','10/12/2023',203,'462-10-4431'),('30443479534196','Melina Robbert','02/17/2022',245,'392-42-6307'),('30462402153270','Suki Rought','08/15/2023',606,'505-28-3952'),('30475019037181','Adoree Bolstridge','09/16/2024',164,'424-04-9831'),('30478634022661','Bernardine Yell','09/20/2023',515,'193-64-1791'),('30478779404096','Ferdinand Bennough','12/25/2020',901,'884-71-5675'),('30497724466604','Hester Berzon','09/05/2022',268,'120-83-1550'),('30513367877038','Sheff Macartney','10/13/2022',536,'233-93-7210'),('30522911010400','Valle Rosser','12/25/2024',38,'443-24-9824'),('30524307913536','Thomasin Denisovich','10/02/2023',606,'857-05-1071'),('30549381077031','Phedra Paskell','09/06/2024',41,'680-01-3827'),('30581385827426','Chryste Collecott','10/01/2023',847,'442-11-0212'),('337941059192608','Ivonne Mucklo','09/14/2022',685,'494-05-9440'),('337941098061186','Hermy Gravestone','12/01/2021',274,'348-58-5717'),('337941204730047','Barbabra Etter','06/20/2021',386,'852-80-5042'),('337941265362458','Charlotta Tompkin','11/16/2021',537,'208-59-6693'),('337941431682961','Saul Ballay','10/23/2023',464,'463-62-9495'),('337941446965856','Siobhan O\'Duilleain','03/30/2021',763,'239-75-6669'),('337941499338456','Carny Stoop','09/24/2022',797,'451-25-6408'),('337941568409956','Quinn Gudde','06/26/2024',3,'394-19-1048'),('337941641811384','Nance Cordingley','12/08/2021',736,'605-74-3948'),('340641996040887','Miof mela Firsby','02/19/2023',577,'322-69-4409'),('341237045498181','Laurene O\' Finan','10/09/2023',577,'773-60-3523'),('341497530654736','Ricca Bettaney','01/31/2023',769,'895-82-1991'),('343164372229740','Shel Peerless','11/25/2021',645,'153-46-0724'),('3528057501139254','Marya Kowalik','09/16/2021',790,'263-71-0907'),('3528212326873229','Morissa Bartosiak','01/24/2024',111,'736-12-5261'),('3528345848695918','Yardley Duberry','10/14/2023',457,'327-37-3306'),('3528689797234306','Laurella Bettanay','06/29/2023',329,'478-56-3290'),('3528806421243392','Alberto Driussi','05/10/2024',421,'153-17-9051'),('3528868396782911','Cal Paudin','12/05/2023',695,'581-95-6401'),('3528903291644799','Catlee Rowlin','02/15/2024',744,'430-89-9862'),('3529515312545604','Lynn Savery','09/27/2021',859,'758-31-7104'),('3529533342603087','Merrily Shirley','04/02/2022',34,'469-31-7160'),('3529689009070950','Cordelie Cabrer','08/25/2022',747,'813-56-2905'),('3529917163205306','Ariella Hayto','09/22/2024',768,'634-18-5429'),('3529969856091865','Suzi Pavolillo','02/23/2023',258,'364-92-1917'),('3530161123884697','Kenton Avrasin','05/16/2024',456,'326-15-0907'),('3530167619589906','Shannah Langshaw','09/09/2024',568,'544-58-8780'),('3530200465466323','Corilla Chiese','12/11/2022',391,'632-77-2502'),('3530344158098363','Imelda Haggata','11/10/2023',539,'122-43-6694'),('3530627600538550','Carly Petrusch','02/20/2024',441,'888-09-8805'),('3530846922590822','Jerrold Hertwell','10/21/2023',224,'266-12-1918'),('3530874133383613','Reynolds Sandars','04/23/2023',535,'836-27-2269'),('3531056540871559','Teddie Thornham','08/25/2022',638,'725-07-6412'),('3531072702740169','Birdie Crinage','11/22/2022',540,'586-30-1922'),('3531750301591659','Hall Bussons','06/28/2021',81,'224-95-5319'),('3531906884315938','Alberto Guntrip','09/01/2023',531,'674-20-4174'),('3531943414859085','Krishna Stellman','08/23/2021',648,'756-84-2388'),('3532110986237657','Cassy Deadman','02/21/2024',760,'308-43-5299'),('3532309927292090','Esmeralda Harmstone','04/30/2022',505,'455-06-3809'),('3532462383888370','Dennison Beardon','02/20/2023',29,'875-73-5309'),('3532681702437391','Marquita Volcker','01/31/2022',370,'899-41-0785'),('3532979085929095','Kristel Thornewill','12/17/2024',461,'879-12-5802'),('3533006167428512','Babette Janjusevic','09/17/2022',735,'543-59-2099'),('3533032946752600','Cathrine Hatfield','05/02/2022',385,'733-69-5174'),('3533304612617973','Lib Cofax','10/01/2021',359,'822-27-9938'),('3533761677693688','Drucie Balchin','08/04/2023',777,'727-46-6053'),('3534382584244330','Gordie Evitts','08/30/2023',372,'574-06-5728'),('3534431511888089','Saidee Kulic','01/06/2023',84,'760-35-3074'),('3534509972081078','Jody Roisen','11/03/2021',320,'263-95-4622'),('3534753548249948','Flo Iseton','07/12/2021',532,'221-78-9566'),('3534952658979092','Christel Fenny','03/12/2024',130,'325-93-8770'),('3535244743881858','Reinwald Bunney','01/09/2024',520,'798-44-7770'),('3535336387093202','Alysa Simko','05/06/2021',192,'150-91-5544'),('3535449665645310','Dorena Sarle','07/07/2021',233,'613-51-5650'),('3535553950277851','Pierette Faunt','01/22/2021',213,'519-94-2980'),('3535554577225919','Tyrus Attenbrough','05/02/2024',287,'744-84-7495'),('3535617037850889','Arvin Cornes','11/10/2022',210,'125-29-0735'),('3535648275246357','Paige Scholtis','12/15/2024',541,'724-37-1786'),('3536033998336406','Elizabeth Brooksby','01/08/2022',258,'767-72-9366'),('3536103166671973','Tammie Demann','07/21/2022',392,'298-27-0116'),('3536292211754932','Muffin Couchman','03/13/2023',881,'873-72-2857'),('3536366762961755','Ossie Budibent','05/28/2022',268,'497-98-2092'),('3536665454762672','Janette Dilke','05/05/2022',756,'593-69-2868'),('3536917488511744','Merola Marcroft','02/15/2022',463,'128-72-9403'),('3536974381527020','Thomasa Feldmesser','08/07/2023',607,'342-08-5108'),('3537178788533461','Chas Ahern','07/12/2021',949,'309-64-8094'),('3537207486019026','Kameko Elland','08/27/2023',462,'241-09-1672'),('3537353397722173','Corissa Quantrell','09/20/2021',756,'547-87-7781'),('3537371672232957','Thain Cubbin','11/09/2024',269,'389-44-0449'),('3537433543081383','Trudie Juleff','08/20/2024',590,'410-78-4027'),('3537437683831697','Carmela Canny','12/29/2021',340,'130-71-2255'),('3537556730658090','Marja Whereat','09/16/2024',56,'270-92-1430'),('3537667171329362','Cassandre Pickless','05/24/2024',517,'565-90-9043'),('3537955374221589','Hayley Ottawell','12/26/2022',469,'480-17-6184'),('3538240203151318','Nickie Shillan','09/28/2023',300,'541-50-5970'),('3538244298022277','Elvira McMillan','09/22/2021',993,'536-94-2191'),('3538368794291530','Clyde Sansun','10/25/2021',407,'876-59-1975'),('3538907073602634','Lancelot Bidder','09/02/2021',469,'240-30-2053'),('3538933801293702','Nady Stanion','07/19/2022',410,'346-32-7546'),('3539243718243777','Shandra Dallosso','03/31/2021',504,'378-99-7370'),('3539591144983907','Vi Parley','02/14/2022',764,'692-01-7351'),('3539816335997444','Tannie Dennes','05/18/2021',278,'481-88-5675'),('3540016026532900','Fallon Willeson','03/30/2023',81,'431-82-8551'),('3540104808254495','Bridget Fardell','04/16/2023',48,'273-68-2873'),('3540507888103285','Sydelle Brend','05/16/2021',632,'562-61-5560'),('3540602091732150','Alessandro Prisk','12/02/2020',956,'201-63-3136'),('3540610906049033','Ramsay Huelin','03/08/2022',985,'414-89-2055'),('3541222913559738','Raffaello Neagle','12/09/2023',534,'369-83-2824'),('3541309013681064','Vasili Boissier','01/26/2022',655,'573-87-9899'),('3541538713585528','Martina Burl','10/25/2021',882,'392-63-8040'),('3541620801479465','Sean Dyson','01/28/2023',401,'295-84-4128'),('3541651571714849','Carree Londing','08/22/2023',526,'618-99-9220'),('3541953923472757','Humberto Dumper','04/12/2021',421,'643-89-9027'),('3542180567267587','Clayson Sayles','10/27/2024',718,'806-45-9127'),('3542248424103905','Justina Loseby','07/20/2022',601,'375-90-9753'),('3542804041897996','Blaire MacConnulty','01/27/2022',280,'236-26-1761'),('3542996171087305','Archambault Waddy','05/03/2024',76,'469-16-7082'),('3543041601728688','Carolynn Fealty','04/30/2021',354,'158-54-8629'),('3543075847842432','Nadean Roma','02/28/2022',818,'692-96-2406'),('3543249784839483','Gae Coad','03/10/2021',928,'720-87-1045'),('3543316907652232','Richard MacDonagh','07/21/2024',817,'724-81-9359'),('3543387226752755','Paulie Feechum','11/25/2023',152,'305-61-9795'),('3543470305660907','Willie Debenham','10/14/2021',228,'797-83-7657'),('3544137215386951','Harrison Print','12/29/2020',474,'158-19-4462'),('3544197783689590','Genna Huebner','01/27/2024',191,'597-07-0575'),('3544830688285631','Arden Blatcher','11/02/2022',686,'611-92-3622'),('3545098815008073','Adi Saward','12/27/2022',315,'704-78-3399'),('3545344308604691','Morgen Norvel','11/06/2022',733,'886-13-3493'),('3545351806409861','Loise Cockney','11/03/2021',324,'491-03-8794'),('3545357977688555','Yasmin Jaquin','07/20/2023',13,'845-80-4345'),('3545536015684359','Rosita Haverson','01/12/2022',344,'847-99-3128'),('3545578010427376','Rik Kimm','02/19/2022',364,'352-63-5172'),('3545597574538303','Gifford Berge','09/21/2024',592,'808-74-6255'),('3546011632932077','Antoni Holtum','04/03/2022',15,'696-67-1988'),('3546058422900475','Melisa Edmenson','03/18/2022',959,'674-58-6152'),('3546288580042527','Sula Henrys','08/21/2023',491,'817-66-8043'),('3546332376332443','Tracee Causnett','06/22/2023',584,'651-33-8369'),('3546349509839698','Cullan Eskrick','04/19/2023',382,'576-94-2102'),('3546385596368647','Celie Fishlock','07/29/2022',776,'275-59-0690'),('3546568452846620','Ches Baggott','11/25/2021',720,'776-45-3989'),('3546801544338367','Val Drees','10/02/2021',769,'143-02-9139'),('3547275456827205','Ivor Stucksbury','03/20/2024',445,'641-31-3305'),('3547330743855442','Letti Mc Faul','07/22/2021',356,'261-09-7763'),('3547422877247064','Bent Clarey','10/13/2023',316,'189-23-5026'),('3547561918847612','Nance Ballintyne','03/03/2024',795,'646-84-7171'),('3547680121648672','Esta Dandy','12/13/2022',662,'400-65-0506'),('3547879511261910','Zaria Snalum','04/16/2021',807,'673-25-4731'),('3547897914839025','Tiffany Guthrie','10/16/2022',334,'893-56-7981'),('3548268029993512','Stevena Mulbry','12/30/2020',237,'284-61-3636'),('3548467067019814','Lianna Grimwad','04/14/2022',476,'775-96-0988'),('3548586625660163','Rutledge MacCook','12/01/2021',711,'153-91-2487'),('3548761648006500','Elora Dicty','03/11/2021',137,'568-90-0644'),('3548856920273685','Kanya Laurentin','11/09/2023',208,'216-29-4777'),('3548873188028388','Henderson Wallington','04/09/2023',186,'261-40-8425'),('3548973838272863','Wittie Fritter','12/01/2021',647,'383-40-4576'),('3548984473776696','Danie D\'Ugo','12/22/2021',936,'378-61-6129'),('3549201205097492','Kippy Ballintime','11/05/2022',580,'265-50-1596'),('3549361986931374','Price Extance','03/14/2024',95,'314-10-1088'),('3549391722300782','Justus Trenbey','08/03/2021',690,'406-57-2642'),('3549544598007978','Midge Hundell','07/12/2022',522,'742-76-4470'),('3549712311035606','Bree Wainscot','06/05/2021',335,'897-85-2539'),('3549841718511115','Tam Ditty','05/29/2021',266,'668-38-5839'),('3550023021947767','Esdras Lovekin','10/28/2023',783,'236-15-8020'),('3550290902980379','Sanderson Duffett','06/15/2023',248,'515-70-7849'),('3550372962324308','Truda Ivers','04/30/2023',697,'428-56-9095'),('3550707862553532','Dalt Dupoy','10/18/2022',291,'300-36-9672'),('3550837794538564','Hasheem Hyslop','11/23/2024',244,'886-88-2058'),('3550998917724323','Dorian Van Bruggen','10/24/2022',644,'505-75-9377'),('3551021148077756','Alic Grigorescu','12/21/2022',78,'674-95-8073'),('3551064700312583','Teddie Matteo','05/22/2021',192,'543-45-7966'),('3551066069499232','Ricky Kleinstein','08/01/2021',444,'629-65-2212'),('3551261259803547','Connie Thal','09/17/2022',41,'234-05-4648'),('3551289827928488','Reeba Kernell','05/26/2021',215,'668-22-2348'),('3551335396572817','Patton Holsey','12/19/2023',12,'752-57-7075'),('3551407203651785','Tracie Daskiewicz','11/01/2021',300,'454-74-8675'),('3551475232035163','Pete Salkild','04/22/2023',404,'538-05-7383'),('3551528089405895','Reed Churchard','08/04/2024',14,'758-11-3637'),('3551583522613480','Roana Doucette','08/14/2022',406,'512-96-3462'),('3551686997328755','Chrissie Buttfield','10/07/2022',588,'658-56-8643'),('3551883626920629','Roderic Frean','03/05/2021',970,'775-88-5719'),('3551900752252344','Atlanta Dumbelton','03/14/2022',261,'784-37-5278'),('3552074123789563','Maximilian Camock','07/13/2024',558,'535-65-9572'),('3552127309479431','Marya Harrow','04/03/2024',824,'220-73-5189'),('3552401648078125','Lorens Ingledow','01/28/2024',140,'760-62-2521'),('3552578066575250','Shaylyn Mussington','12/02/2021',96,'622-07-5336'),('3553233936838806','Tawsha Adkin','04/26/2021',569,'508-07-6143'),('3553326623519133','Jaine Stanlack','06/20/2023',653,'876-69-9800'),('3553364485992353','Felicdad Mix','04/15/2023',227,'296-84-9016'),('3553417841579759','Phebe Capsey','06/13/2024',229,'661-20-3778'),('3553629661737057','Dianemarie Rolfi','10/10/2021',698,'282-96-0216'),('3553678343964944','Alonzo Selland','10/26/2024',410,'770-37-2257'),('3553751466330761','Zarah Dodge','07/24/2021',17,'306-02-7039'),('3553846434769734','Caddric Harvett','08/01/2023',741,'664-52-7554'),('3553999858180563','Betteanne Haggish','10/08/2021',998,'157-89-9468'),('3554035387028673','Frederique Americi','09/28/2022',648,'196-02-6916'),('3554180163432762','Herby Inkpen','08/12/2022',756,'759-83-7437'),('3554197277774814','Trina Timny','12/12/2023',187,'548-57-6693'),('3554254820837315','Mikey Graine','05/15/2021',962,'436-36-6040'),('3554364208306666','Ted Godbehere','06/24/2022',324,'715-64-4214'),('3554575339212818','Lorianne Monteaux','10/25/2024',89,'287-70-7648'),('3554662917496573','Rodi Bollis','12/17/2023',780,'505-13-3070'),('3554912271789323','Georges Crayke','04/01/2023',258,'683-80-8833'),('3554930863642007','Winnie Caskey','11/23/2021',244,'116-89-9640'),('3555038002684499','Newton Keenlayside','08/12/2024',858,'871-91-1067'),('3555204781571493','Reta Chinnock','02/16/2022',820,'437-54-2609'),('3555397286922177','Niles Birdsall','12/03/2023',201,'490-24-2302'),('3555612131864907','Georgette Carlisle','08/10/2021',308,'664-41-2211'),('3555869172170046','Milton Studman','02/25/2023',242,'506-08-6088'),('3555983536919285','Roddy Weblin','11/05/2023',544,'403-67-2542'),('3556499730623010','Griffith Stredwick','05/17/2021',201,'674-05-2224'),('3556684482935205','Jannelle Bysouth','03/28/2023',595,'741-25-4799'),('3556692260005455','Euell Penright','06/23/2024',585,'571-35-2019'),('3556910462815780','Rog Parmenter','07/12/2021',874,'728-78-5035'),('3556974121150799','Delila Jovovic','05/23/2024',356,'665-62-3756'),('3557387739145763','Matt Filipowicz','07/27/2021',722,'318-38-8866'),('3557501633415797','Laurent Crisford','05/28/2023',311,'128-24-2010'),('3557589696256448','Paola Pegden','11/14/2021',542,'347-40-0053'),('3557970530452338','Edik O\'Gready','03/01/2021',854,'863-04-8193'),('3558012916232205','Alric Suddock','10/09/2021',838,'612-08-4989'),('3558051656529461','Aaren Farrall','11/14/2024',670,'520-48-1129'),('3558093295233113','Quintana Siegertsz','07/18/2022',467,'801-59-9003'),('3558226864209763','Kipp Mesant','10/13/2022',608,'289-64-0061'),('3558232905270970','Eugenia Dunican','09/23/2021',820,'234-25-8580'),('3558313747453220','Brena Hackett','04/14/2024',992,'198-23-0779'),('3558467137459120','Davey Hazeley','02/18/2021',678,'524-05-6254'),('3558546149632780','Darlleen Enrdigo','07/26/2021',354,'152-96-4882'),('3558825152141610','Richardo Benes','09/23/2022',300,'546-98-4362'),('3558873008713455','Haleigh Sanz','06/27/2021',975,'635-90-0045'),('3558930846955993','Rossie Storr','07/27/2024',362,'670-09-1292'),('3558985234789388','Thornie Marchington','01/19/2024',880,'225-26-5210'),('3559108433502325','Andre Blackadder','04/08/2021',956,'599-60-3387'),('3559120962725052','Yankee Goundry','01/09/2021',823,'141-53-3770'),('3559161917666058','Jodee MacAne','05/12/2021',481,'496-71-9433'),('3559370458687452','Stacy Mountfort','02/19/2021',859,'241-82-2686'),('3559856201495987','Leoine Filyukov','01/23/2021',836,'730-83-3228'),('3560307669914868','Gipsy Kamena','04/13/2024',897,'879-68-0888'),('3560465098956916','Guy Cleife','03/24/2023',703,'310-94-9616'),('3560520535360880','Adella Woodlands','08/12/2023',687,'776-04-4443'),('3560698783345041','Woodman O\'Heffernan','06/08/2024',212,'372-72-9855'),('3560851301027779','Didi Chisman','01/23/2022',620,'346-69-1855'),('3561062545331360','Rubia Brodway','03/15/2023',376,'222-67-3682'),('3561085823410770','Kristin Jiran','05/24/2022',65,'571-80-0949'),('3561149221316136','Nicky Saville','05/14/2024',962,'237-79-2555'),('3561509648199037','Lurlene Nehls','05/27/2024',761,'883-24-3533'),('3561626233673265','Marleen Steffan','07/07/2022',211,'483-06-6424'),('3561768097113622','Torre Graeme','08/23/2024',375,'788-67-5271'),('3561825423850176','Leshia Simony','06/12/2024',391,'677-09-0317'),('3562274413170312','Booth Josephs','06/11/2023',645,'314-74-7464'),('3562471374675376','Bennie Wadge','02/14/2024',116,'848-49-0825'),('3562638716172862','Merralee Barron','02/11/2023',702,'557-50-8152'),('3562687498957172','Florencia Pero','08/04/2021',833,'827-94-5495'),('3562699379419347','Vitia Westbury','06/02/2023',961,'243-51-6322'),('3562892444704526','Salvatore Bobasch','03/22/2022',367,'330-27-2265'),('3562944990573373','Barbaraanne Irdale','02/23/2022',964,'490-79-4046'),('3563061651453834','Trev Vasyuchov','11/01/2021',561,'418-54-1803'),('3563221031936664','Mattias Domelaw','07/15/2024',716,'195-42-5129'),('3563268771954225','Sharlene Springtorp','12/31/2022',997,'661-60-0334'),('3564027061162629','Fulton Feore','07/15/2023',839,'178-70-1235'),('3564190177580603','Michel Jewise','05/22/2024',788,'640-99-9930'),('3564319513833075','Corina Oldaker','07/11/2024',40,'378-97-8905'),('3564381802640280','Hamid Hollyland','01/03/2021',850,'320-07-3143'),('3564417967756865','Kelbee Madgwick','06/07/2024',389,'251-91-7177'),('3564846707954010','Reinhard Burtonshaw','01/27/2024',433,'613-20-5379'),('3564911264725862','Tansy Chesters','03/26/2021',490,'168-12-3793'),('3565130466245467','Carlen Heakins','03/15/2023',38,'158-01-5883'),('3565212178742948','Lotti Perrat','08/20/2023',900,'677-55-9890'),('3565218871758073','Kendricks Poynton','07/28/2023',750,'127-81-4485'),('3565372160853184','Rahal Deery','05/25/2021',526,'394-73-8178'),('3565389093078531','Cathrine Grishelyov','12/24/2021',14,'299-19-9151'),('3565502194197899','Ashely Kleinstub','10/24/2024',651,'504-14-6495'),('3565762637709805','Eadmund Bilam','08/20/2021',843,'464-51-2377'),('3565801547832842','Rora Verdie','07/10/2021',661,'306-05-9112'),('3565844137967610','Jethro Stawell','06/08/2022',470,'246-78-2138'),('3565874535186893','Kendell Hayfield','05/20/2022',211,'478-81-8839'),('3565937214090247','Trista Tiddeman','10/06/2022',838,'657-55-1040'),('3566012702950804','Ezequiel Boarer','01/13/2021',886,'563-68-4008'),('3566454813030631','Griffie Beiderbecke','07/04/2021',243,'332-26-9729'),('3566522870315192','Bjorn Yurtsev','01/07/2021',125,'456-84-7629'),('3566620690271643','Allie Blunsden','12/17/2023',517,'637-01-3431'),('3566663096942607','Linnet Bladen','01/17/2021',827,'670-58-8041'),('3566777800170998','Casey Cordle','01/15/2023',75,'564-86-6498'),('3566780631011688','Daisi Lunge','08/03/2022',148,'347-94-1514'),('3566868601916372','Diandra Merdew','07/05/2021',993,'515-79-8119'),('3566876517017581','Idelle Catherine','08/26/2022',927,'309-07-1117'),('3567090672034139','Ammamaria Barnwill','07/13/2022',859,'193-51-4075'),('3567246451754582','Shayna Lounds','10/29/2021',167,'257-91-2238'),('3567248805695453','Janette Kennett','07/30/2023',170,'849-48-6166'),('3567319924406344','Brit Sleeny','09/14/2023',991,'476-63-8932'),('3567670431787539','Annnora Esel','05/29/2021',450,'533-56-8437'),('3568175712545779','Luisa Brien','02/27/2024',138,'203-33-7361'),('3568285156270782','Bertrand Gurnay','01/31/2023',76,'649-39-9519'),('3568363242640571','Sascha Davidesco','04/13/2023',583,'139-35-0624'),('3568433423759977','Myles Glassup','12/09/2024',308,'788-91-2943'),('3568465655103235','Mackenzie Courtese','07/25/2024',209,'676-67-4219'),('3568791294029949','Berkly Daggett','04/20/2021',931,'511-48-7320'),('3568798450892796','Shaw Garrow','08/06/2022',476,'716-20-1917'),('3569420676304246','Jenifer Le Fevre','05/23/2024',291,'890-78-3790'),('3569602071156905','Madison Vigers','06/13/2023',250,'249-24-3578'),('3569630137885639','Logan Ullyott','02/04/2021',479,'640-34-6830'),('3569944553839214','Addia Jeavons','04/14/2023',718,'568-70-5518'),('3569986262944975','Freddy Sammons','11/23/2023',382,'172-21-8865'),('3569989698424430','Tamas McPeice','02/11/2021',685,'833-71-8249'),('3570150824969080','Rochette Whittington','03/16/2022',480,'105-22-8267'),('3570267164114539','Suzie Hannis','04/23/2022',111,'799-34-5306'),('3570272292973939','Atlanta Pavelka','10/06/2023',752,'509-84-4911'),('3570582533251675','Waylen Dawltrey','05/03/2021',188,'273-77-3259'),('3570608233447717','Gabriele Haseldine','07/02/2022',54,'742-01-0331'),('3571037626667336','Harry Tyt','07/16/2024',719,'341-95-0003'),('3571569968476330','Merill Pidduck','02/22/2024',335,'494-96-8257'),('3571571654103582','Norris Coots','06/01/2021',754,'271-87-7059'),('3571582640443560','Bobette Macauley','04/05/2021',914,'191-11-9042'),('3571796712524913','Eolande Mabbot','11/04/2021',92,'794-62-4104'),('3571883678176555','Alysia Lockyer','05/10/2023',78,'749-15-9577'),('3571927279547050','Osbert Fontin','09/14/2024',405,'465-30-6648'),('3572489270458273','Agnola Kyd','09/16/2023',785,'392-81-9709'),('3572623724912010','Kameko Fragino','05/20/2021',887,'100-38-2334'),('3572896926074264','Laverna Freeborne','12/31/2022',348,'670-88-0811'),('3572940134115582','Tobey Hodge','10/02/2022',389,'465-02-4685'),('3572965623528185','Matty MacCafferky','01/23/2022',533,'432-23-9810'),('3573014252317179','Yale Instrell','05/26/2023',729,'478-71-0603'),('3573309532821549','Justus Capner','02/08/2023',529,'764-07-7817'),('3573472448399222','Neill Harty','12/19/2024',179,'261-28-2278'),('3573724153382813','Rob Parry','11/29/2023',189,'830-19-5426'),('3573839551877543','Gabie Foynes','07/20/2022',181,'108-49-5531'),('3574073239006056','Ann Manuele','12/09/2023',37,'143-37-5680'),('3574219478183961','Fredrika Fletcher','09/27/2024',362,'474-90-2858'),('3574376190976856','Ware Edgeworth','01/12/2024',846,'215-69-2273'),('3574489585502722','Andrea Downing','06/06/2023',630,'827-40-8085'),('3574539765227217','Odo Petcher','04/24/2022',659,'434-21-0731'),('3574552117286930','Pennie Marvin','04/23/2024',410,'531-85-7059'),('3574890593077492','Clarissa Le Lievre','02/10/2024',757,'282-83-1898'),('3574974659352856','Wylie Benton','07/14/2022',9,'353-18-4553'),('3575643614910327','Daniela Gisburn','01/30/2022',412,'316-23-5382'),('3575738894190051','Clyve Schiersch','06/08/2022',260,'281-19-2778'),('3575856309023384','Noellyn Colerick','10/02/2021',997,'682-46-1573'),('3575892391766697','Arlette Westnedge','01/11/2023',961,'268-27-3259'),('3575953369156772','Rhea Berling','11/06/2021',386,'362-94-8473'),('3576067650333377','Stephie Arbon','09/04/2021',562,'739-43-1607'),('3576186499950637','Price Trewhela','06/24/2021',345,'608-75-4022'),('3576310810862244','Corrinne Wharin','11/16/2023',311,'685-42-3829'),('3576405670995926','Desmund Dumphy','03/03/2023',633,'774-73-1504'),('3576483717329607','Sindee Densumbe','06/24/2024',345,'385-60-2148'),('3577469131939468','Fransisco Murtimer','03/13/2023',382,'545-96-2072'),('3577593942918120','Carlina McSkeagan','10/14/2022',743,'272-14-1330'),('3577620196114393','Deanna Merrell','05/10/2021',124,'672-30-7232'),('3577729385004495','Clotilda Renvoise','02/15/2022',666,'361-80-9583'),('3577860827233796','Luke Sirman','05/27/2024',377,'495-58-7142'),('3577901155368125','Vinson O\'Rudden','10/11/2022',89,'622-80-3061'),('3578166892953881','Siouxie Ridde','08/02/2022',883,'460-38-1391'),('3578192584977905','Merl Crudge','04/06/2024',651,'102-52-7853'),('3578345121431360','Jill Jirasek','01/26/2023',465,'259-13-9957'),('3578522005015218','Yankee Bertolin','11/22/2024',757,'634-14-2016'),('3578588111208732','Cull Solman','01/09/2023',422,'103-42-4834'),('3578885331309658','Peggie Baynard','08/03/2024',918,'448-95-0438'),('3579079498481752','Dugald Woodger','10/22/2024',48,'833-46-1914'),('3579192253931026','Phyllida Chaffer','11/10/2021',4,'515-78-0322'),('3579435283791815','Arley Wakely','01/02/2021',724,'257-09-1857'),('3579473424929200','Barnabas Sango','05/01/2023',28,'167-70-5117'),('3579493644269740','Giselbert Boase','03/05/2024',372,'399-88-8392'),('3579553123775242','Adrienne Peaddie','08/17/2021',895,'495-97-6182'),('3579600378891719','Audry Rembaud','06/21/2023',842,'580-16-9337'),('3579870000100702','Cherice Wakley','12/17/2024',132,'145-07-2749'),('3580094503006848','Olive Engledow','04/12/2021',301,'763-21-3528'),('3580481704170194','Kirby Ambler','10/13/2023',53,'718-39-0077'),('3580835618224977','Caren Kilroy','10/05/2022',434,'184-83-1731'),('3580859344867099','Chip Purvess','01/07/2022',668,'315-26-5392'),('3580861406103223','Damiano Coit','05/01/2022',347,'740-86-7826'),('3580981413385074','Dalston Tampin','12/12/2022',785,'100-92-6542'),('3581182376167729','Jenelle Bees','05/27/2021',64,'209-82-7594'),('3581434667086559','Wilhelmine Grewes','08/14/2022',966,'753-63-3990'),('3581469361279506','Romona Harrell','03/21/2024',763,'393-71-0565'),('3581491157452709','Derick Halse','06/12/2021',342,'593-08-4194'),('3581528611392227','Shirlee Beech','06/05/2023',602,'893-62-9869'),('3581547938101236','Mead Buchanan','07/07/2023',356,'113-85-2683'),('3581601436323097','Leora Murtagh','06/26/2023',895,'243-83-6050'),('3581754056652707','Arty Drakeley','11/01/2021',360,'432-79-1217'),('3581777794550644','Berta Dood','12/27/2020',919,'829-46-6160'),('3581979991470325','Darice Hawkett','12/09/2022',140,'664-23-3743'),('3582029374010410','Merrily Simester','10/23/2022',420,'638-02-8163'),('3582077985902061','Oliy Cyster','03/17/2022',167,'241-78-9351'),('3582165271172380','Hyacinthe Barnet','03/25/2021',907,'576-17-2985'),('3582196099698611','Shelden Gruby','12/10/2023',978,'786-59-2890'),('3582264915949897','Kiri Mabe','11/27/2022',721,'294-94-1327'),('3582320008106421','Simona Hegge','10/22/2021',175,'681-97-2103'),('3582377077903138','Bendick Gurery','05/01/2024',745,'893-62-8569'),('3582404169649187','Vin Freake','10/09/2024',249,'587-37-2587'),('3582415108645979','Gaby Abrahm','04/01/2022',255,'750-04-0379'),('3582506544487768','Tyrone Denge','09/23/2024',439,'805-47-8601'),('3582631644392401','Lucy Phillipp','02/03/2022',382,'287-39-5194'),('3582878666414122','Hedi O\'Fihillie','09/16/2024',341,'669-57-5263'),('3582933926322399','Stacee Nyssen','07/10/2023',635,'590-51-1549'),('3583003459047562','Rivalee Widdowson','08/18/2021',993,'432-27-9871'),('3583028219542867','Tremaine Danick','10/08/2022',984,'740-85-3077'),('3583120329363191','Geralda Caudell','10/01/2021',896,'638-19-8305'),('3583277895854837','Anselm Casa','01/14/2022',800,'261-06-1619'),('3583301577436513','Forbes De Hailes','12/15/2023',572,'747-88-1850'),('3583552037764635','Ophelie Druitt','08/04/2021',940,'775-56-5812'),('3584007451013539','Art Bremen','08/21/2022',229,'530-30-7155'),('3584284981354846','Augustine Fox','12/24/2021',84,'477-21-9706'),('3584326487029040','Ulrikaumeko MacDwyer','06/10/2024',842,'769-32-6262'),('3584353018691817','Genvieve Fletham','09/05/2024',931,'276-73-6899'),('3584382543249759','Wallache Tussaine','02/05/2021',540,'809-57-8477'),('3584559216852858','Zackariah Lindenblatt','07/24/2023',519,'205-17-1110'),('3584648450744572','Rubina Wrankling','05/19/2024',547,'126-52-2277'),('3584717443179434','Tobe Sommerville','04/27/2021',99,'154-54-9457'),('3584918669421795','Cookie Lowthian','02/05/2023',613,'371-78-0156'),('3585052421989607','Benjamin Billett','05/19/2021',782,'202-04-0985'),('3585065284690344','Neysa Kytley','07/18/2022',245,'664-16-8903'),('3585119757198002','Lesley Weatherall','08/29/2021',235,'182-47-1654'),('3585205365867136','Marquita Pogg','11/01/2022',374,'391-74-9896'),('3585330883755470','Reginauld De Bernardi','01/11/2023',598,'254-57-2842'),('3585471226112639','Doralynn Mallion','12/06/2022',756,'289-69-3434'),('3585640577675028','Lyon Dougliss','06/19/2021',934,'646-88-6893'),('3585807832267764','Jack Omrod','03/11/2024',688,'519-61-9627'),('3585884890423936','Rois Heustice','03/31/2024',824,'623-97-9468'),('3586003513053074','Janey Kenlin','10/20/2023',253,'450-95-1085'),('3586094857334683','Virginia Peasee','05/27/2022',153,'320-39-4038'),('3586115518625175','Oby Franklen','09/10/2022',519,'606-50-6048'),('3586159640178505','Dorey Champney','09/18/2022',377,'608-90-8459'),('3586411177515207','Elysha Passie','03/30/2023',842,'786-41-1262'),('3586474929681081','Charlie Adlam','08/23/2024',15,'185-55-4660'),('3586643853698556','Etan Braghini','10/28/2021',130,'533-82-2248'),('3586879901720758','Jon Pattlel','03/24/2023',187,'132-93-8935'),('3587082023071205','Abie Taillant','07/21/2022',878,'174-03-8632'),('3587395910904274','Enrichetta Jacquemet','11/17/2021',199,'225-95-6607'),('3587636572125967','Livvy Ewdale','11/20/2023',370,'322-94-1316'),('3587817182250193','Bartholomeo Lalonde','06/15/2024',970,'300-97-2305'),('3588027386102385','Thaine Dowsey','12/13/2020',722,'352-75-7523'),('3588158131765380','Bobbie Purkis','08/20/2021',18,'470-70-3141'),('3588265666239796','Cointon Malecky','05/27/2023',355,'403-60-0710'),('3588316444837912','Boothe Drew','03/30/2023',968,'124-07-8542'),('3588390425311502','Lovell Belden','06/25/2021',363,'235-21-4589'),('3588471771260400','Edita Elcoate','08/17/2021',611,'372-87-2247'),('3588619171578736','Hervey Wyer','03/16/2022',975,'719-24-2915'),('3588730087794158','Jedediah Roscow','08/13/2024',449,'224-56-4210'),('3588891448234571','Corbett Filippyev','12/17/2023',789,'799-93-2441'),('3588913553664440','Jennette McAlester','10/22/2024',483,'697-94-3723'),('3588980507733225','Linoel Cutsforth','12/04/2023',45,'688-35-8497'),('3589124247319271','Lazare Wynrahame','10/25/2021',204,'779-08-0705'),('3589311920301698','Tabbie Simmig','09/09/2024',944,'610-14-9959'),('3589566601795100','Jud Menlove','04/13/2024',698,'347-80-6321'),('3589631768621869','Alexander Al Hirsi','10/25/2021',335,'688-83-1005'),('3589675995248574','Tedd Auguste','03/06/2023',105,'881-97-5788'),('3589726088394112','Jordon Liepina','03/27/2021',300,'359-91-3494'),('3589753937569553','Geraldine Gonin','02/02/2022',924,'846-33-0970'),('36044064362748','Cordelia Deex','02/18/2022',248,'581-72-5753'),('36233216026331','Gabe Costar','06/19/2023',795,'443-19-5180'),('36270283098397','Tate Turone','10/06/2021',533,'154-75-0168'),('36371753033391','Tatiania Cronchey','02/16/2021',401,'715-20-5700'),('36520025642500','Maryrose Mattea','03/17/2023',727,'830-45-6563'),('36527009423674','Bryant Clemmen','05/28/2021',15,'735-21-0906'),('36827595808274','Natka Eberts','01/10/2022',749,'314-69-0373'),('36865369468214','Madonna Larne','04/11/2021',251,'379-76-3193'),('36992675251751','Margaux Driscoll','07/23/2024',182,'389-30-1513'),('371752359945265','Clive MacKall','11/27/2024',503,'717-16-4727'),('372301081241160','Blondie Timoney','10/09/2022',304,'758-73-2408'),('372301253941993','Magdalena Alwood','08/29/2023',278,'371-77-6518'),('372301300556828','Bettine Garrity','06/26/2021',368,'537-04-1161'),('372301307230872','Merrie Bruun','07/26/2022',916,'395-62-0502'),('372301520616683','Brnaby Capstack','04/11/2022',814,'566-25-4437'),('372301663714923','Stormy Wimbush','12/06/2024',703,'164-65-2722'),('372301898347879','Rustie McMurty','04/16/2021',812,'730-29-7651'),('372301982192207','Freeman Beacock','07/02/2023',618,'716-35-5437'),('372961570901945','Lew Bedinn','03/27/2024',825,'277-95-9907'),('373874019952651','Golda Alecock','01/25/2024',825,'822-64-6972'),('374283126905728','Errol Lamblin','12/10/2024',797,'645-67-4915'),('374283184126357','Luke Kinge','08/31/2023',950,'656-74-0210'),('374283197198260','Ebonee Line','11/23/2022',973,'184-38-5472'),('374283506657956','Shanta McDaid','10/11/2024',608,'459-13-5789'),('374283523038826','Towney Henrych','09/23/2023',874,'305-79-2571'),('374283617262043','Garrott Fawloe','08/19/2023',259,'359-22-9321'),('374283635306368','Gustaf O\'Keeffe','05/28/2024',476,'259-85-3195'),('374283660894270','Felecia Redhole','12/09/2020',880,'134-12-1995'),('374288191370351','Ruperta Gridon','10/02/2024',327,'763-92-8321'),('374288245819056','Jessey Kleeborn','11/26/2023',136,'679-02-5525'),('374288279784648','Cristal Varfalameev','01/08/2023',818,'242-77-9637'),('374288376000765','Wilburt Doxsey','08/20/2022',313,'786-02-3495'),('374309784673017','Zulema Ping','05/23/2023',125,'664-11-9940'),('374622019203875','Selene Ludl','03/31/2023',172,'191-98-9898'),('374622082527747','Amandi Petyanin','09/14/2024',520,'319-61-1881'),('374622145250485','Loy Gutridge','05/28/2021',287,'589-71-2144'),('374622747302148','Giuditta Clipson','12/02/2022',24,'795-37-3061'),('374622752446368','Felecia Vales','04/10/2023',948,'585-51-3669'),('374622761498285','Ludovika Eales','10/18/2021',85,'600-17-3529'),('374622834345950','Maris Jikovsky','07/19/2024',918,'450-98-2942'),('374622962317425','Maurits Jahnisch','11/12/2024',588,'852-16-1482'),('375498936484297','Sashenka Birtle','10/31/2023',172,'732-37-8464'),('376076902009907','Lyssa Stockford','10/21/2024',705,'249-31-5834'),('378394987220416','Brennen Phelp','01/17/2023',812,'627-96-0694'),('379488531890150','Ambrosio Brooking','07/05/2024',337,'889-04-0534'),('379574481865191','Val Barwis','04/11/2022',839,'639-43-5481'),('4017950430931674','Tallie Follen','04/17/2021',22,'549-68-0209'),('4017950685149','Morey Medwell','02/10/2021',505,'719-63-9321'),('4017951259589','Karna Jecock','04/17/2021',684,'252-51-1397'),('4017955541321','Nev Cranage','11/02/2021',401,'306-14-3776'),('4017955581578075','Paquito Grief','01/30/2022',304,'654-31-7186'),('4017956086474810','Beatrice Kitson','09/03/2023',746,'485-07-3369'),('4017956734248152','Lucille Oattes','09/29/2023',962,'233-36-4596'),('4017959152443008','Gib Barnson','09/02/2023',671,'297-41-2035'),('4026359388767982','Jeanine Kirman','11/30/2022',53,'369-55-7905'),('4026617226166976','Enrica Lestor','01/02/2023',811,'620-71-1652'),('4026680942848244','Nestor Daice','01/12/2024',309,'715-73-6521'),('4026770189469034','Jameson Lenoir','05/27/2021',189,'851-84-4561'),('4041370220527','Thurston Fruser','02/05/2021',318,'413-91-3327'),('4041371127955530','Cammy Helis','09/26/2021',569,'160-22-7140'),('4041374641268273','Emlyn Punyer','01/12/2022',913,'823-86-3926'),('4041375617788939','Bernard Squier','12/25/2022',504,'665-71-5681'),('4041375913233','Birch Morden','12/24/2022',412,'344-97-5193'),('4041378129808401','Tara Higgen','09/21/2023',87,'325-58-7861'),('4041591617341913','Sigvard Zanini','12/03/2024',451,'663-44-4185'),('4041593561970','Amabel Kliche','01/28/2023',736,'486-18-4668'),('4041595213398','Carlen Wickins','12/19/2021',780,'328-25-9910'),('4041599534252','Shina Lillee','12/11/2024',961,'787-85-7356'),('4174769849897113','Bibby Bozworth','12/02/2024',362,'877-92-6146'),('4175000118349357','Jaime Kennsley','10/13/2022',162,'547-29-4104'),('4175004019936197','Basile Astridge','06/29/2022',141,'412-94-0203'),('4175005168565406','Romain Swanborough','02/15/2024',847,'763-68-2349'),('4175007144859267','Kirsti Pennetta','12/28/2023',826,'585-01-1908'),('4175007995237571','Killie Bygraves','04/02/2024',60,'867-92-6185'),('4175008296462348','Garwood Spiby','12/14/2023',57,'347-93-7628'),('4175009257224610','Lilla Southouse','05/12/2024',294,'654-21-0255'),('4213413653663','Demott Cutsforth','11/16/2021',96,'522-48-6416'),('4264843755222','Kerstin Heinel','06/20/2024',367,'769-97-9989'),('4324745719195','Evan Hellier','03/02/2021',920,'255-47-1315'),('4405248010898698','Gretna Jeanneau','11/07/2022',435,'659-65-5332'),('4405354496683057','Quentin Leglise','10/01/2022',120,'430-44-2971'),('4405524401167913','Aleta Domelaw','03/14/2024',421,'409-71-4519'),('4405748147389164','Nancey Tsarovic','03/13/2021',931,'567-94-9309'),('4405813590788880','Lezlie Vince','05/20/2023',883,'837-04-7526'),('4405952790799972','Rutger Meneur','01/14/2023',132,'541-74-4364'),('4508367320195565','Lindie Lehrer','05/18/2023',250,'140-57-6470'),('4508547093517927','Adriena MacMenamin','08/10/2022',555,'463-22-0136'),('4508697947912251','Tye Gullefant','01/13/2022',32,'237-23-1846'),('4508779122294505','Kendal Coleyshaw','12/15/2020',660,'496-25-3036'),('4508958439094234','Melba Hollyman','11/29/2022',364,'370-24-4724'),('4508983541739161','Silvana Roman','05/20/2023',11,'706-13-9823'),('4576444513216313','Tabor Berger','11/07/2022',57,'391-20-6462'),('4587474233089','Jerrie Hickenbottom','04/26/2023',884,'207-70-4311'),('4844156209583428','Inez Pietsma','02/25/2022',16,'124-90-4476'),('4844160399806920','Manya Bell','04/26/2022',225,'529-34-3063'),('4844249193994873','Alfy Caulliere','11/12/2022',721,'156-37-1332'),('4844331917498165','Temp Trevenu','05/13/2022',455,'355-36-7932'),('4844706140876479','Ollie Mobbs','12/14/2020',81,'864-85-1132'),('4844718234950037','Iago Youthed','12/20/2021',265,'383-82-8756'),('4844723533836440','Parsifal Wardington','02/08/2023',385,'695-34-6854'),('4903202031943398976','Terrie Murrill','12/02/2024',245,'382-60-0230'),('4903393058975318977','Lion Engelbrecht','12/02/2021',173,'138-37-6802'),('4903399014785352544','Jessamine Fewster','01/09/2023',156,'516-15-8505'),('4903473726042020','Aaren Headings','02/05/2024',704,'296-36-9028'),('490348214614181262','Filippa Popple','03/14/2021',955,'710-50-5884'),('4903487039112916','Che Aylin','02/10/2024',519,'315-21-4962'),('4903508461081228','Sydney Bridywater','10/11/2021',836,'548-22-0025'),('490373206918497764','Leshia Kirtley','10/09/2022',260,'310-66-6609'),('4903734661385431294','Rachele Hallex','11/06/2021',893,'128-01-7634'),('490530728738333929','Paolina Desson','08/20/2022',264,'602-73-9754'),('4905393250697232090','Romain Tipperton','05/21/2022',644,'180-89-0236'),('4905730149210121990','Madella Hubberstey','10/16/2024',549,'131-04-6341'),('4905809513502963052','Ernestus Boles','01/30/2021',589,'706-60-2288'),('4905825464455171253','Adriana Buy','12/27/2023',957,'281-82-7465'),('491121117753230652','Benyamin Labuschagne','11/23/2024',477,'743-20-8892'),('491121391069448320','Markos Hazleton','05/10/2021',467,'249-05-1086'),('491130169036431143','Tyrone Ropartz','08/30/2023',569,'488-30-3514'),('491144642429091710','Sibley Erickssen','11/28/2022',285,'572-05-1519'),('491164224015327918','Sophie Stranio','02/16/2021',96,'741-31-4746'),('4911918642195930','Brandise Lacasa','01/06/2022',356,'761-63-9994'),('4911939983935430139','Belinda McCabe','12/13/2021',450,'674-57-5782'),('4911992149731216','Emlyn Kesten','04/15/2022',161,'363-02-5004'),('4913159143724690','Loraine Gaydon','02/27/2024',559,'780-60-3229'),('4913202508090479','Lana Fetherstonhaugh','01/18/2021',259,'398-46-2613'),('4913306223895995','Skye Dinsell','12/05/2022',724,'542-56-5500'),('4913310260639670','Lewes Tyers','01/27/2021',921,'145-50-9397'),('4913789315225835','Randolf Moye','08/04/2022',696,'690-56-9091'),('4913942486026066','Erin Taysbil','09/10/2024',989,'478-95-3159'),('4917311673915703','Merrel Chatterton','11/12/2023',674,'361-15-5625'),('4917515564172584','Daile Diack','03/22/2023',995,'619-25-2780'),('4917566801014444','Elysee Saggers','09/13/2021',671,'702-23-4047'),('4917596517919495','Austen O Sullivan','06/12/2022',645,'177-76-5108'),('4917680456808479','Gilbertina Pelerin','12/28/2020',635,'421-81-0208'),('4917765993230483','Annemarie Circuitt','02/02/2024',878,'352-25-0286'),('4917884193921153','Thaddeus Finnigan','05/13/2023',349,'290-87-3313'),('4917932625519028','Reta Knappe','03/31/2021',516,'387-26-9102'),('4917958296062410','Neron Heinlein','08/09/2021',850,'263-39-4079'),('493605750377727090','Dur Barnwille','05/29/2024',653,'385-77-8452'),('4936095196244382407','Quill Ford','02/08/2024',747,'227-66-2077'),('4936167450961790','Wesley Cumesky','06/19/2021',764,'500-68-5921'),('4936374881780259182','Kailey Leys','04/04/2024',411,'671-22-1323'),('493645943646317130','Emalee Biffin','06/02/2022',479,'239-29-1074'),('4936534773068118','Enos Fusedale','10/04/2022',87,'456-90-4713'),('493656667059459008','Norine Libero','08/28/2023',291,'385-71-6553'),('493662240363212455','Emelyne Nickolls','08/01/2022',572,'392-98-2567'),('4936636867567770','Gerrie Kenworth','03/27/2022',947,'890-28-1977'),('4936796602368408839','Berta Soall','06/23/2021',257,'709-50-6232'),('4936876354367366401','Jessika Guiu','03/23/2021',184,'402-91-5884'),('4936914010168391451','Marylynne Labell','11/02/2024',637,'102-34-2550'),('5002355444701408','Dominick Arr','07/12/2021',796,'860-86-5694'),('5002356251572619','Ruthi Mucillo','01/26/2023',584,'455-17-3331'),('5002359166375219','Cassandry Dow','02/24/2023',158,'330-04-9507'),('5002359864380123','Clementina MacAne','12/02/2022',349,'267-89-6160'),('5007660191747719','Victor Healing','12/18/2023',498,'802-40-7217'),('5007661028307776','Granny Giacobazzi','04/05/2021',32,'387-44-5536'),('5007661764541893','Courtenay Highnam','04/21/2023',574,'243-50-1789'),('5007662393211361','Odo Josey','08/01/2021',617,'656-90-2826'),('5007664874240463','Vin Greatex','05/09/2021',423,'711-65-0952'),('5007667261265605','Shelby Nicklen','12/09/2022',641,'643-32-2570'),('5007667988456263','Tremayne Bonehill','04/03/2022',823,'880-14-9313'),('5010123982550524','Curcio Boydell','01/21/2024',470,'302-94-7227'),('5010126475197000','Merline Giabucci','08/25/2024',437,'374-53-3583'),('5010128019210588','Eugene Origin','08/27/2022',765,'787-17-3615'),('501805956454067296','Alayne Boynton','03/05/2024',272,'118-43-3494'),('501835812628567279','Tillie Hearmon','11/12/2024',813,'565-27-6230'),('5018424551929565403','Shir Kreuzer','04/13/2021',574,'815-05-7188'),('5018776407242683866','Israel Heinritz','10/10/2023',848,'496-67-2965'),('5018863859187106','Luther Lynnett','03/15/2024',372,'295-85-1900'),('5018875190837624921','Kori Gimblet','04/24/2024',768,'285-45-2798'),('5018954890028720','Veronika Parade','07/25/2022',915,'213-01-4188'),('5018965981815995478','Krysta Blakeman','07/05/2022',260,'235-50-7835'),('50200717532610765','Ivett Bassingham','05/19/2022',427,'114-92-8852'),('502023825141996171','Shalom Boundy','06/19/2021',324,'371-47-0870'),('50203882449319053','Annamaria Measey','12/05/2021',372,'623-87-4268'),('5020544046206340','Lyndell Fitzsymon','02/25/2021',925,'813-65-9140'),('5020609631716110994','Zora Mapledoore','04/24/2022',778,'834-23-4066'),('502070178021310358','Thalia Pirrie','11/03/2024',604,'769-07-9679'),('50380749716790198','Edna Wilshin','03/12/2023',408,'136-71-6032'),('5038117943307570750','Misty Kulic','10/20/2022',199,'407-86-4496'),('5038165989382839','Linzy Mabbutt','08/05/2021',697,'120-20-8791'),('5038282370867748','Imogen Khomin','08/27/2024',579,'277-43-1812'),('50382877868361746','Hallie Mahmood','04/09/2023',619,'677-14-5746'),('5038444261201910301','Creigh Colloff','11/17/2024',999,'185-71-0545'),('503845262281761732','Taylor Cockings','03/01/2022',339,'307-80-0331'),('5038478127237702609','Bruce McClurg','03/19/2023',368,'445-27-3433'),('5038539312596234','Ninette Thirsk','08/13/2023',638,'116-80-1967'),('503866441811332438','Magda Clemson','05/17/2021',493,'149-76-5124'),('5038906820314006215','Jenilee Dangerfield','03/10/2024',524,'386-04-1917'),('5048371151217054','Flem Croall','01/07/2023',922,'165-67-9203'),('5048371975407352','Nelia Peever','12/17/2024',970,'354-19-9796'),('5048372051522916','Malinde How','06/22/2024',628,'765-87-6323'),('5048374970093789','Kory Kremer','01/30/2023',353,'165-35-3742'),('5100131369873691','Elysia Ivashchenko','04/22/2022',360,'121-67-0003'),('5100132200367075','Sigmund Room','12/15/2022',744,'527-62-9290'),('5100132742277360','Kary Duggary','05/06/2024',492,'812-22-3754'),('5100132975112383','Shanie Arlow','07/03/2021',155,'521-68-5172'),('5100136157747221','Eda Picardo','04/26/2024',807,'698-72-3936'),('5100138533329179','Josephine Tomsa','12/03/2023',646,'499-79-9442'),('5100141031578867','Norrie Stevenson','03/07/2022',707,'654-09-3546'),('5100141121159545','Rafaellle Deegin','12/13/2023',294,'226-18-5841'),('5100141625238621','Florrie Prinnett','12/19/2020',192,'844-25-7653'),('5100141637481631','Nady Grutchfield','07/20/2022',837,'420-12-0052'),('5100143755655798','Gussy Ruprich','03/01/2023',85,'784-47-9973'),('5100149843557938','Hermina Bakesef','04/09/2022',513,'779-69-7608'),('5100171565213896','Arney Kempster','07/13/2023',200,'619-38-8194'),('5100171700574913','Wallis Warden','07/06/2021',647,'249-36-7411'),('5100171815486086','Maribelle Haigh','10/13/2023',81,'765-54-9505'),('5100172004192840','Kate Birtwhistle','04/08/2021',513,'201-27-6281'),('5100173716662047','Dex Albasini','07/16/2024',432,'226-83-1046'),('5100173871251669','Artair Bartleet','12/10/2020',980,'763-16-9244'),('5100174942273922','Cliff Castaignet','09/12/2022',608,'137-43-7761'),('5100175267938106','Anallise Barnewelle','05/07/2023',842,'209-28-1810'),('5102542110645212','Neddy Ribchester','06/20/2023',122,'782-20-6908'),('5108753208758486','Aviva Melby','11/15/2024',768,'667-10-4464'),('5108753251223032','Rikki MacCaghan','03/07/2022',314,'833-57-6545'),('5108754399039538','Jamison Astin','03/18/2023',445,'379-89-5401'),('5108755109410307','Hollie Lashmar','01/29/2023',227,'847-58-6019'),('5108755300188421','Kirby Raspin','04/14/2022',942,'517-08-9456'),('5108757109244470','Hertha Osgordby','09/28/2021',728,'758-11-5346'),('5108757401493114','Amy O\'Daly','08/17/2022',972,'262-33-3325'),('5108759936299446','Karlotta Gallard','11/17/2024',701,'841-30-0668'),('5129820358468573','Janka Lasselle','05/28/2024',728,'896-92-6689'),('5158200836303490','Shirl Petera','01/20/2024',251,'655-72-1588'),('5172452912071697','Dar Lewty','01/15/2022',895,'256-84-2995'),('5184102156865355','Chariot Deery','08/10/2022',512,'763-24-7499'),('5187295050666213','Phoebe Clingoe','09/22/2022',808,'225-82-9651'),('5188453565414871','Alexina Goligly','10/17/2023',923,'602-73-2359'),('5190454644686881','Kipp Dumbrill','01/08/2021',812,'263-49-0502'),('5192211671820140','Georgiana Tremellan','06/01/2021',796,'601-38-2241'),('5192791757215943','Daniel Robelin','09/28/2021',910,'758-81-2394'),('5196309765201676','Amity Redpath','01/31/2024',177,'461-85-3174'),('5202453783813542','Ahmed Salack','06/07/2023',444,'407-13-2280'),('5217404404241475','Arnaldo Presslie','04/04/2022',245,'825-68-5925'),('5225355892894730','Thaxter Pollitt','03/26/2022',795,'538-13-4856'),('5229233195142790','Ruy Rabbitt','04/06/2022',244,'396-63-1810'),('5256718059957461','Ossie Dozdill','07/19/2022',250,'770-86-2421'),('5297102564467152','Baillie Cowitz','02/24/2023',626,'477-66-7855'),('5310595273205180','Mignon Troak','04/23/2021',711,'303-75-5123'),('5325159251387842','Elvera Midlane','12/29/2022',858,'747-66-5740'),('5328270002928763','Arlina Wison','05/11/2021',108,'506-61-4568'),('5339812904524385','Tarra Baukham','01/24/2021',110,'755-78-8578'),('5354984817721661','Martin Juszczak','11/02/2021',828,'572-76-4592'),('5358910442994205','Belia Whyard','11/12/2023',150,'543-37-7528'),('5369933053200156','Say Kroll','01/13/2024',820,'307-11-3687'),('5416229922851847','Marena Beardwood','07/01/2023',238,'776-45-5111'),('5417756008167630','Claudina Herche','07/18/2021',938,'233-15-3987'),('5418332476582921','Kissiah Klamp','11/03/2021',559,'347-27-6768'),('5428545289593250','Kelsey Donneely','12/17/2022',429,'639-13-5590'),('5446804807082819','Angy McDougald','01/09/2023',419,'303-35-7211'),('5454195203873540','Margot Ronnay','12/22/2024',482,'339-25-3928'),('5456531752360356','Shandy Tummond','10/14/2021',851,'129-71-1194'),('5461711262914438','Alys Carah','01/19/2024',881,'110-29-0583'),('5475982311969129','Grove Albon','08/29/2023',536,'610-92-9477'),('5494839984122583','Eleen Joye','11/01/2023',774,'198-76-9493'),('5514346490725715','Melamie Clayson','10/28/2024',98,'123-63-1506'),('5516522567999486','Hephzibah Gibbin','04/06/2023',335,'662-13-6311'),('5518613876086160','Conroy Maunder','01/26/2021',239,'218-38-8401'),('5555080177271624','Candra Bleeze','06/10/2022',434,'399-04-9095'),('5562250991014101','Eberto Finan','06/01/2024',363,'804-03-5594'),('5562772860516080','Herby Drissell','02/25/2021',998,'387-63-1130'),('5571066738903383','Trevar Blesli','05/06/2022',258,'238-05-1301'),('5574744204658718','Land Capnor','06/15/2021',533,'175-34-9024'),('5576719342152418','Obadiah Meadowcraft','12/02/2023',115,'706-92-8339'),('5581116426920179','Mackenzie Kroon','03/05/2024',212,'416-95-0099'),('5582077817159232','Dorthea Clutton','07/01/2022',47,'336-93-7506'),('5583291062053706','Claiborne Baff','10/28/2021',495,'344-93-6738'),('5587324874160579','Corissa Crecy','01/14/2022',886,'892-63-5099'),('5593964359211827','Durant Seaborn','06/13/2022',128,'228-18-5480'),('5596459495732585','Rosaline Ruzek','05/10/2023',405,'109-34-7491'),('5599611258874973','Neill Fearnside','08/18/2022',837,'188-10-0529'),('5602210295000828','Krystalle Matheson','05/17/2023',945,'453-59-1041'),('5602210629004207','Massimiliano Strethill','06/02/2021',346,'452-31-1768'),('5602211543554311110','Fran Kloser','08/26/2023',381,'744-64-3464'),('5602211720809544','Jesselyn Leming','12/27/2021',516,'768-75-8125'),('56022117602233965','Ceil Handley','09/05/2022',171,'171-17-5642'),('560221177042438434','Susanetta Pumphreys','12/06/2021',241,'790-63-6211'),('56022136667481475','Ferdinand Heustace','11/29/2023',626,'855-10-3732'),('56022172542472421','Tucker Tring','08/01/2021',36,'367-77-6244'),('56022175123727360','Marcia Shemmin','01/02/2022',166,'661-11-1474'),('5602217641196361610','Alis Mantle','06/25/2021',825,'780-78-6647'),('5602218622906987141','Ag Percy','11/28/2023',614,'121-09-9200'),('5602221509211003547','Claudell Harnett','03/02/2023',611,'203-92-5269'),('5602223300686259','Chloris Fellowes','04/24/2024',158,'756-28-7544'),('5602223365169016827','Welby Kitchin','08/03/2023',422,'638-50-6405'),('5602225667771756','Britney Greedy','03/16/2024',589,'689-30-8791'),('5602227460635832','Swen Chastang','04/16/2024',371,'509-02-6396'),('560222845102781914','Harv Sharnock','05/22/2022',642,'236-02-1377'),('5602228469348971','Henka Eastup','10/26/2022',857,'105-17-3056'),('5602228634777914','Teirtza Sabberton','06/02/2021',149,'319-69-7083'),('5602229616490880','Emmeline Zappel','11/05/2022',275,'862-92-1097'),('5602230180654703','Tanitansy Sargerson','07/31/2021',742,'487-89-5309'),('5602230357539448','Bernadine Epgrave','05/29/2024',67,'267-88-1379'),('5602233485928848','Efrem Wheelband','12/03/2024',590,'672-56-5996'),('5602233503097908065','Sande Crimmins','12/07/2022',497,'271-08-4212'),('5602233617716527567','Mathian Keasley','08/04/2021',521,'704-89-5010'),('5602234134818299','Calv Clendennen','11/10/2022',820,'431-82-2080'),('5602234614880982354','Townsend Barette','12/16/2021',463,'566-70-6139'),('5602235107087648','Cindra Fuke','01/12/2021',594,'850-46-4593'),('5602235481630310','Beilul Folbigg','01/10/2024',693,'135-29-8767'),('56022358897066625','Victor MacNulty','02/12/2022',279,'738-83-8146'),('5602236127231448','Lynn Gibbens','04/25/2023',607,'769-11-0459'),('5602236278921789','Virginie Sleith','05/25/2024',663,'484-10-3169'),('5602237868390897612','Tom Dering','06/16/2021',735,'703-75-5883'),('5602238498994802','Anabella Pursglove','07/18/2024',28,'532-62-1143'),('560223923101052675','Danya Izod','07/06/2022',907,'659-09-6221'),('5602241344000253','Ernestus Lampe','08/27/2023',773,'746-59-2308'),('5602241857797073673','Maryrose Maier','01/18/2021',577,'752-44-9875'),('5602242411900375','Wake Bernocchi','05/26/2024',256,'871-12-9598'),('560224324127823729','Roman Heifer','05/12/2023',737,'860-94-3606'),('5602244100995799','Margi Grinham','03/25/2024',255,'366-18-0666'),('5602244393867218','Tessy Earley','04/17/2021',937,'136-38-0767'),('5602244922316700839','Garfield Courtliff','09/01/2024',737,'425-60-4540'),('5602246379466105','Rakel Osgardby','05/02/2023',225,'656-72-9433'),('5602246878156496','Chrissy Mackneis','03/30/2024',937,'833-75-7788'),('560224690390315076','Shadow Crossgrove','03/10/2023',561,'244-81-6158'),('5602247277217129','Ulberto Bewshaw','06/27/2021',434,'859-79-7934'),('5602248155569458','Barclay Candey','02/02/2023',649,'860-33-9826'),('5602249817602107878','Farr Crocetti','09/07/2023',261,'839-09-6243'),('56022504210636160','Austin Yukhnov','12/06/2024',659,'586-58-0852'),('560225240462675046','Lilian Pyett','07/18/2023',16,'695-07-3893'),('5602253253273144','Duffy Cescon','06/27/2023',408,'667-58-9163'),('5602255040694763','Renelle Dyball','07/12/2021',63,'759-49-4612'),('5602255871875713','Kellen McKmurrie','05/22/2023',622,'244-21-0920'),('5602255903852287635','Luise Tolwood','04/17/2022',414,'339-13-5205'),('56022563402941218','Moira Skyner','09/09/2024',824,'508-09-4882'),('5602256794516038','Erena Capstake','06/25/2023',50,'778-33-2949'),('5602256859048190','Amelita Cerie','11/27/2023',452,'809-31-3551'),('5602257497065257','Anallese Griniov','11/08/2023',941,'598-60-8952'),('56022579859692245','Max Drinnan','12/22/2020',813,'349-75-2390'),('5602258127396419','Godfry Dankov','09/22/2023',911,'851-94-3603'),('5602258584180678','Lynnett Sweetzer','06/18/2023',371,'639-93-3113'),('56022593621557784','Luelle Gagin','10/22/2022',478,'638-21-0753'),('5602259938222489','Daryle Priscott','05/09/2022',577,'198-82-9715'),('5610142118498519','Coop Brunstan','10/19/2022',681,'377-60-3481'),('5610194433146802','Tiphany Angelini','07/19/2021',471,'227-78-5564'),('5610225152107698','Nickolai Perdue','06/16/2024',737,'335-53-7008'),('5610236002633419216','Corbet Glennon','12/08/2021',397,'634-85-1072'),('5610342270255034','Clemence Christofor','04/05/2021',752,'375-50-7014'),('561043361809329812','Emmalyn Iredale','01/16/2021',674,'665-85-8472'),('5610465625003948','Maurise Babcock','08/08/2024',91,'835-82-3196'),('5610469188637803','Wileen Bowra','04/27/2024',146,'582-91-9531'),('56104908714343325','Oliviero Olivella','11/23/2023',821,'157-09-1344'),('5610522014684694','Kaitlynn Insole','10/17/2022',284,'837-29-4862'),('561084414813035550','Hope Flahy','05/05/2023',279,'890-38-4531'),('561084982564351871','Conrad Arnett','06/12/2021',387,'373-82-0499'),('5610878295732473','Thebault Bartoszewski','08/18/2021',297,'414-59-6801'),('5610944140322504','Suzette Lackey','09/22/2022',681,'160-66-4044'),('564182153580769281','Charity Nice','08/19/2024',740,'556-15-4203'),('564182498407135822','Charo Emmott','09/10/2024',409,'705-69-4798'),('5641827379226281934','Graehme MacCrossan','05/16/2021',640,'143-07-5681'),('5641828913481649242','Rodie Crellin','10/25/2022',21,'639-38-0027'),('589321830718972676','Karlis Benck','07/24/2024',901,'128-99-5399'),('58932769234376870','Jereme Gatland','03/08/2023',352,'167-12-1405'),('5893599599081360415','Janka Betjeman','04/11/2023',606,'321-22-5022'),('5893648720467119693','Rowan Norkutt','04/20/2021',892,'749-71-6941'),('5893680274106092548','Inesita Cersey','12/28/2023',866,'160-25-0580'),('58939262767103245','Claretta de Najera','03/30/2023',267,'716-40-8172'),('604200588320433510','Esta Hazelden','04/26/2021',451,'720-40-2988'),('604325257280020093','Sybille Bolgar','11/02/2023',461,'102-36-2159'),('604594694416581164','Dimitry Morican','06/14/2021',473,'804-71-7074'),('604991761837581542','Eleonora Durbin','11/30/2023',506,'716-40-3242'),('63041362403497574','Anestassia Falshaw','03/31/2023',466,'830-54-2590'),('63042049143940091','Anastassia Edelheit','09/22/2022',774,'327-99-9658'),('63043978353622487','Melamie Story','08/19/2021',599,'367-43-0662'),('63044752250129436','Ansell Santen','08/22/2023',773,'102-05-0009'),('630456110349898999','Waring Dickie','11/07/2023',962,'436-81-6763'),('6304563173175057','Dari Bockman','02/03/2022',791,'803-01-9791'),('6304670756400027559','Sylvia Thirtle','03/02/2024',424,'381-05-3948'),('6304671754260444310','Brianna Denniss','12/30/2021',860,'860-02-3458'),('630471869915820346','Sherie Clara','09/25/2024',643,'210-51-7861'),('6304742139127457','Bendick Grahlmans','11/20/2021',734,'219-97-3837'),('6304935754945834788','Tailor Wermerling','05/18/2024',373,'415-56-1463'),('630494801589639010','Deva Carmel','04/09/2024',479,'531-90-9302'),('6331100874236233060','Berkly Paxforde','05/12/2024',362,'359-22-2635'),('6331103712322075200','Elli Sherwyn','09/30/2023',319,'665-53-9401'),('6331103814180518','Ariel Leatham','12/11/2021',769,'192-58-1380'),('6331104931220119865','Corrinne Eckley','06/17/2024',140,'513-87-4662'),('6331105059476097','Tatiana Nehl','08/07/2021',488,'162-66-6875'),('6331106077118626682','Tiffie Kornyakov','07/11/2024',998,'533-66-6131'),('6331106763102367','Raeann Taysbil','06/26/2021',292,'865-81-7922'),('6333026141537421514','Augustine Threadgill','09/07/2024',327,'465-79-1064'),('633308652346788560','Elwin Attfield','07/02/2022',670,'817-80-1050'),('633322239684657862','Mariel Mowsdale','07/31/2021',771,'517-82-3098'),('6333414375667069178','Violet Moult','12/25/2024',623,'443-95-3323'),('6333564036251419850','Rici Amery','10/14/2021',845,'428-16-9919'),('6333628752963788','Olga Gerin','10/09/2021',662,'895-54-8286'),('633398898201425951','Cara Freeburn','07/09/2021',78,'772-12-9662'),('6333993819567646','Artemas Carmen','04/30/2023',687,'444-88-7177'),('633432616860847416','Joelly Dowsey','02/19/2021',153,'133-92-2911'),('6334501026041115805','Kurtis Castagne','03/05/2023',389,'525-10-8775'),('633461350175575561','Brett Stithe','11/20/2023',967,'656-84-1556'),('6334707536097318','Salomon Shoreson','05/24/2021',685,'447-22-4062'),('633480958800637759','Vachel Tritton','08/01/2024',199,'682-85-8332'),('6334900412108156','Conant Hanbury-Brown','12/01/2020',844,'108-12-0756'),('6334942301221466246','Audy Glazyer','04/04/2023',130,'534-65-5015'),('6372075118353753','Augusto Barkaway','08/07/2023',510,'781-91-0044'),('6373600720333148','Misti Mallalieu','08/27/2023',749,'475-92-4694'),('6374891280876258','Everard Shailer','05/27/2023',134,'452-27-1135'),('6375407337464078','Tracy Farran','02/14/2024',618,'647-48-4164'),('6376385206535138','Neilla Rossander','01/24/2023',877,'442-28-5407'),('6380055293755048','Fredericka Julyan','04/04/2022',695,'808-51-3166'),('6385476135954893','Drew Hammerberg','12/12/2021',833,'410-46-2184'),('6385739973733236','Krista Verry','08/15/2023',346,'411-83-6634'),('6386592067936317','Lock Kineton','08/09/2022',640,'521-16-6213'),('6387253986516362','Ferne Edelmann','04/14/2022',794,'635-34-6531'),('6388347423756331','Kalle Pietersma','02/09/2022',153,'848-32-4451'),('6394514541529385','Nolly Rayment','03/07/2023',604,'190-23-3399'),('6395863610336837','Jeanie Fogg','10/18/2024',463,'655-10-7658'),('6397471869567223','Jermain Blemings','11/04/2021',980,'139-18-4899'),('6706055985493911772','Cad Flasby','10/29/2022',819,'789-99-9308'),('6706107629891182','Renee Morling','03/14/2022',205,'222-77-3988'),('670640124660254313','Stanislaus Faust','07/08/2022',478,'256-05-6073'),('67066337678416757','Christos Dudson','05/03/2024',454,'780-30-2985'),('670677932200360036','Reuven Zapater','09/26/2022',419,'480-92-7041'),('67069900343357974','Jillayne Bowman','04/05/2023',636,'756-64-3188'),('6709054171226759268','Tracie Dymidowski','11/03/2022',912,'891-34-9787'),('670939480560833691','Gian Blabey','01/16/2023',885,'336-48-6500'),('67094520217606873','Saba Chinge','03/10/2022',140,'263-67-4672'),('67095064980748462','Roslyn Druery','12/02/2022',964,'266-67-9139'),('6709540999080751753','Cosmo Lurriman','09/24/2022',898,'375-20-9332'),('67096708972630588','Tracy McBrady','05/30/2023',537,'556-63-3907'),('670972145288226803','Jere Kitt','04/24/2023',780,'438-34-5287'),('6709772622165731','Vonny Widdowson','04/10/2021',304,'131-92-6592'),('67099019297877632','Georas Havock','12/04/2021',432,'412-36-6519'),('6759040095765943','Germain Livingstone','08/02/2024',476,'454-65-8550'),('6759041114460397347','Thain Beagrie','07/05/2024',795,'628-63-7310'),('675913108160160962','Phaidra Burling','07/13/2023',5,'449-40-4815'),('6759144799968595','Mora Comi','06/06/2022',323,'366-66-6732'),('6759170735912793','Meggi Biggs','05/27/2024',413,'710-20-2922'),('675929165653585180','Gertie Bleue','08/26/2023',443,'771-31-0635'),('6759351737286150','Adaline Sellek','11/11/2023',218,'720-12-8390'),('6759361707522112','Mattias Riccard','08/25/2021',120,'274-04-5506'),('675946058224058838','Billie Shervington','11/10/2021',485,'267-88-2264'),('6759514377169065','Noah Colquite','05/14/2024',572,'828-62-3115'),('6759569803497881941','Stace Mor','09/30/2024',659,'319-05-8966'),('6759728428280581041','Aridatha Adess','07/11/2022',318,'849-56-2717'),('6759759957233064038','Sydney McArthur','05/03/2024',430,'541-33-1542'),('675987369245073163','Napoleon Aery','03/11/2023',851,'721-72-5181'),('6759894525012411','Merrill Newvill','06/21/2021',710,'827-96-5777'),('675997860286719712','Blanca Lawtey','11/17/2023',419,'542-41-3447'),('6759998016465296866','Scarface Drable','11/11/2021',612,'805-77-0766'),('6761031770291888180','Sada Scotney','11/06/2021',260,'612-89-8870'),('6761065080498511','Rees Phizacklea','08/12/2021',200,'496-11-0355'),('6761365281157183','Herb Tabourier','09/09/2024',259,'771-87-9878'),('6761400255246926','Darrel Fassum','01/24/2022',129,'786-45-3381'),('676141281590181023','Aloin Vanyashkin','04/28/2024',786,'331-26-6967'),('6761455895144011354','Lemmie Gruszczak','12/12/2021',522,'461-27-9133'),('6761548190679674','Traci Skill','08/08/2021',667,'598-73-7813'),('67615710567146030','Deeanne Marrett','01/20/2021',636,'487-23-4768'),('6761673298704158283','Willy MacPherson','05/30/2022',252,'362-52-9088'),('6761767590835531330','Lemmie Jodkowski','03/28/2024',468,'800-09-0807'),('6761951025389961704','Katine Coomer','07/12/2021',669,'665-97-5341'),('6762078631081133488','Garald Pasterfield','01/16/2023',66,'271-39-6095'),('6762087558819061757','Vladimir Byre','06/19/2023',561,'639-75-3235'),('676213558837285789','Moria Lusty','07/13/2022',67,'788-99-6224'),('6762153726895669','Hilde Morigan','09/23/2024',92,'801-65-8252'),('67623184235067111','Quintina Patrie','11/28/2023',418,'383-62-1019'),('6762393068755820','Sharona Cicchinelli','05/26/2022',798,'791-61-9653'),('6762395418049742055','Iago Bradick','05/05/2023',447,'474-72-7753'),('67625501385018206','Coleen Bell','11/08/2022',2,'279-95-5752'),('67627757377317653','Aleta Busain','11/22/2022',192,'730-37-1763'),('6762852821730904916','Rhys Edison','07/05/2023',245,'792-83-8629'),('676293644273681237','Robbin Lingwood','01/07/2021',440,'482-31-5601'),('676300982673963958','Kristen Mc Faul','11/20/2024',664,'548-16-7906'),('67630891556834660','Terrel Strut','07/08/2022',293,'438-62-4269'),('6763107757895406233','Corbie Poulsom','02/05/2021',110,'132-45-9856'),('67631772844433219','Lani McClelland','09/08/2024',549,'724-38-5714'),('676324487925410784','Lindsay Seamark','10/30/2024',816,'163-42-9640'),('6763297476634474713','Anica Dinnington','10/11/2024',882,'524-97-7226'),('6763308811033859923','Daniela Faireclough','12/18/2021',981,'554-73-6660'),('676331122221640526','Tamiko Euston','04/28/2022',272,'438-38-6208'),('67634667151654851','Margarita Brinkman','07/07/2021',855,'637-39-4650'),('6763964631911634395','Orelie Issett','07/01/2022',467,'346-13-1426'),('6767192584131649070','Ilyse Messitt','07/25/2021',673,'348-12-1677'),('676730186949947387','Anselm Hedges','06/28/2021',131,'392-88-6379'),('6767370203446914855','Minny Mosco','02/17/2023',961,'749-46-3322'),('676758877108634892','Randell Gaskell','03/28/2024',807,'121-81-2994'),('6767655527075745636','Fredric Haggata','08/04/2024',201,'685-52-2650'),('6767670543413335411','Irv Redd','12/18/2023',944,'293-89-0863'),('6767704496075526423','Liane Hagergham','08/15/2022',611,'749-39-6214'),('6767939441335246','Mitchael Jagoe','12/14/2022',866,'658-02-8977'),('6767950387141011147','Evyn Claydon','11/11/2024',489,'834-98-8895'),('677112421620219293','De Kohrsen','10/24/2024',301,'475-72-7685'),('6771143286306735','Iorgo Flinn','05/22/2024',476,'687-65-2544'),('6771677776000324','Jacquelynn Scoggans','08/02/2024',873,'340-80-3161'),('6771694077449854404','Brewster Hulcoop','08/18/2023',339,'769-65-7919'),('6771895613300744222','Sayre Finnigan','06/21/2024',8,'464-72-1382');
/*!40000 ALTER TABLE `card` ENABLE KEYS */;
UNLOCK TABLES;

--
-- Table structure for table `Location`
--

DROP TABLE IF EXISTS `Location`;
/*!40101 SET @saved_cs_client     = @@character_set_client */;
/*!50503 SET character_set_client = utf8mb4 */;
CREATE TABLE `Location` (
  `zipcode` int NOT NULL,
  `state` varchar(45) NOT NULL,
  `country_name` varchar(45) NOT NULL,
  `country_code` int NOT NULL,
  PRIMARY KEY (`zipcode`),
  UNIQUE KEY `zipcode_UNIQUE` (`zipcode`)
) ENGINE=InnoDB DEFAULT CHARSET=utf8mb4 COLLATE=utf8mb4_0900_ai_ci;
/*!40101 SET character_set_client = @saved_cs_client */;

--
-- Dumping data for table `Location`
--

LOCK TABLES `Location` WRITE;
/*!40000 ALTER TABLE `Location` DISABLE KEYS */;
INSERT INTO `Location` VALUES (10001,'Alberta','Canada',1),(10002,'Manitoba','Canada',1),(10003,'British Columbia','Canada',1),(10004,'Brunswick','Canada',1),(10005,'Ontario','Canada',1),(10006,'Quebec','Canada',1),(10007,'Newfoundland','Canada',1),(10008,'Nova Scotia','Canada',1),(11001,'Berlin','Germany',10),(11002,'Hamburg','Germany',10),(11003,'Bremen','Germany',10),(11004,'North Rhine','Germany',10),(11005,'Rhineland','Germany',10),(12001,'Aomoria','Japan',11),(12002,'Ishikawa','Japan',11),(12003,'Toyama','Japan',11),(12004,'Osaka','Japan',11),(20001,'Beijing','China',2),(20002,'Wuhan','China',2),(20003,'Shijiazhuang','China',2),(20004,'Hefei','China',2),(30001,'Tamil Nadu','India',3),(30002,'Kerala','India',3),(30003,'Delhi','India',3),(30004,'Maharastra','India',3),(30005,'Punjab','India',3),(40001,'Hokkaido','Japan',4),(40002,'Tohoku','Japan',4),(40003,'Kanto','Japan',4),(40004,'Chubu','Japan',4),(40005,'Shikoku','Japan',4),(50001,'Paris','France',5),(50002,'Bourges','France',5),(50003,'Rouen','France',5),(50004,'Lyon','France',5),(50005,'Troyes','France',5),(60001,'Georgia','USA',6),(60002,'New York','USA',6),(60003,'Alabama','USA',6),(60004,'Florida','USA',6),(60005,'North Carolina','USA',6),(60006,'South Carolina','USA',6),(60007,'Ohio','USA',6),(60008,'California','USA',6),(60009,'Utah','USA',6),(60010,'Washington','USA',6),(60011,'Vermont','USA',6),(70001,'Kuala Lumpur','Malaysia',7),(70002,'Labuan','Malaysia',7),(70003,'Johor','Malaysia',7),(70004,'Kedhah','Malaysia',7),(70005,'Kelantan','Malaysia',7),(80001,'London','UK',8),(80002,'Leeds','UK',8),(80003,'Truro','UK',8),(80004,'Nottingham','UK',8),(80005,'Birmingham','UK',8),(80006,'Truro','UK',8),(90001,'Mandai','Singapore',9),(90002,'Sembawang','Singapore',9),(90003,'Simpang','Singapore',9),(90004,'Yishun','Singapore',9);
/*!40000 ALTER TABLE `Location` ENABLE KEYS */;
UNLOCK TABLES;

--
-- Table structure for table `movies`
--

DROP TABLE IF EXISTS `movies`;
/*!40101 SET @saved_cs_client     = @@character_set_client */;
/*!50503 SET character_set_client = utf8mb4 */;
CREATE TABLE `movies` (
  `movie_id` int NOT NULL,
  `movie_name` varchar(200) NOT NULL,
  `movie_rating` int NOT NULL,
  `movie_release_date` varchar(45) NOT NULL,
  PRIMARY KEY (`movie_id`),
  UNIQUE KEY `id_UNIQUE` (`movie_id`)
) ENGINE=InnoDB DEFAULT CHARSET=utf8mb4 COLLATE=utf8mb4_0900_ai_ci;
/*!40101 SET character_set_client = @saved_cs_client */;

--
-- Dumping data for table `movies`
--

LOCK TABLES `movies` WRITE;
/*!40000 ALTER TABLE `movies` DISABLE KEYS */;
INSERT INTO `movies` VALUES (9,'Dead Reckoning',0,'2009'),(17,'Extra Man, The',9,'2012'),(23,'Bosko\'s Parlor Pranks',9,'1991'),(82,'Deep in the Valley (American Hot Babes)',4,'2002'),(88,'Death Ship',4,'1986'),(137,'Doughboys',9,'2010'),(138,'Save the Last Dance',8,'1989'),(145,'High Road to China',3,'1992'),(147,'Not Your Typical Bigfoot Movie',7,'2006'),(161,'Fuga de cerebros',4,'2002'),(170,'Deadfall',5,'2002'),(185,'XXY',1,'2012'),(195,'Suez',2,'1994'),(197,'Sarah Silverman:  We Are Miracles',3,'1991'),(204,'Kangaroo Jack',9,'2012'),(242,'Girl of Your Dreams, The (Nia de tus ojos, La)',8,'2006'),(247,'Mr Hublot',7,'2004'),(259,'Dancing Masters, The',2,'2010'),(264,'Meteor Man, The',6,'1990'),(297,'Mr. Baseball',8,'1997'),(307,'Beaver Trilogy Part IV',5,'2006'),(331,'Diary of a Wimpy Kid: Dog Days',4,'2009'),(332,'In Praise of Love (loge de l\'amour)',5,'2006'),(333,'Big Store, The',9,'2007'),(334,'Fame',4,'1989'),(341,'Supporting Characters',0,'1995'),(353,'7th Heaven (Seventh Heaven)',3,'2007'),(359,'Calvary',3,'1992'),(364,'Brotherhood, The',8,'2001'),(367,'Spin',1,'2004'),(384,'Doom',7,'2008'),(396,'Solaris (Solyaris)',2,'1999'),(400,'Blot, The',8,'2009'),(428,'Paul',1,'1999'),(444,'Manufacturing Reality: Slavoj Zizek and the Reality of the Virtual (Slavoj Zizek: The Reality of the Virtual)',9,'2000'),(450,'Beyond the Lights',7,'2002'),(461,'State Property 2',6,'2007'),(470,'Big House, The',8,'1987'),(477,'Citizen, The',5,'1989'),(481,'Me Myself I',6,'2007'),(502,'Priest',6,'1996'),(526,'Aileen Wuornos: The Selling of a Serial Killer',8,'2010'),(565,'State of Play',4,'2007'),(574,'Simple Twist of Fate, A',3,'1997'),(580,'Still Crazy',7,'2007'),(581,'Point of Order',4,'1998'),(586,'Sleeping Beauty',9,'2012'),(610,'Cherrybomb',0,'2011'),(627,'How They Get There',6,'1988'),(629,'Head',9,'2005'),(634,'Recruit, The',8,'1999'),(639,'Rampage',4,'2001'),(653,'Citizen Kane',5,'2010'),(657,'Don Q Son of Zorro',10,'1987'),(663,'League of Ordinary Gentlemen, A',6,'2006'),(681,'The Final Girl',4,'2005'),(703,'Varg Veum - Bitter Flowers (Varg Veum - Bitre Blomster)',7,'2005'),(710,'I, the Worst of All (Yo, la peor de todas)',8,'2010'),(721,'Whole Nine Yards, The',4,'2005'),(724,'Conception',1,'2001'),(741,'Wadd: The Life & Times of John C. Holmes',1,'2005'),(750,'Satan\'s Sword 3: The Final Chapter (Daibosatsu toge: Kanketsu-hen)',5,'2010'),(757,'Corner Gas: The Movie',5,'2000'),(760,'Beastmaster, The',1,'2000'),(767,'Mr. Mom',5,'1979'),(773,'Northfork',5,'1988'),(793,'Mozart\'s Sister (Nannerl, la soeur de Mozart)',7,'2012'),(795,'Ghetto (Vilniaus Getas)',1,'1985'),(805,'Night of the Running Man',4,'2005'),(817,'Ichi',5,'2010'),(825,'Patton Oswalt: Finest Hour',8,'2004'),(839,'Nature of the Beast, The',5,'1996'),(859,'Closing the Ring',3,'2011'),(886,'Talaash',7,'2001'),(890,'On Deadly Ground',1,'1996'),(896,'Dangerous Game',3,'2007'),(905,'Mike Tyson:  Undisputed Truth',4,'1992'),(908,'Pinochet Case, The (Cas Pinochet, Le)',1,'2006'),(915,'Jamesy Boy',1,'1977'),(916,'Too Shy to Try (Je suis timide... mais je me soigne)',7,'2008'),(918,'Iceberg, L\'',0,'2001'),(929,'Little Foxes, The',1,'1993'),(930,'Grudge, The',4,'2003'),(932,'Ro.Go.Pa.G.',4,'2000'),(934,'House',7,'1997'),(941,'By the Light of the Silvery Moon',6,'1997'),(952,'13 Ghosts',8,'1993'),(953,'Moonwalker',6,'2006'),(962,'Man of the Year',9,'2005'),(967,'Cow, The (Gaav)',2,'2008'),(980,'Leather Jacket Love Story',6,'2012'),(983,'Call Me Bwana',7,'2000'),(1019,'Mist, The',5,'2011'),(1029,'Hidden Assassin (Shooter, The)',1,'1984'),(1033,'And Your Mother Too (Y tu mam tambin)',8,'1996'),(1034,'Man in the Wilderness',4,'1999'),(1048,'War Photographer',3,'1989'),(1071,'Kiss for Corliss, A (Almost a Bride)',7,'2007'),(1075,'House of Small Cubes, The (Tsumiki no ie)',6,'2004'),(1077,'Once Were Warriors',2,'2000'),(1080,'Crossing the Bridge: The Sound of Istanbul',6,'2005'),(1082,'Cannonball Run, The',2,'1987'),(1089,'Animals are Beautiful People',9,'1998'),(1123,'House II: The Second Story',2,'2010'),(1127,'Night Walker, The',4,'2011'),(1129,'Maternal Halfbrothers (Braca po materi)',2,'2003'),(1132,'Real Steel',5,'1953'),(1153,'My Mother\'s Courage (Mutters Courage)',1,'1997'),(1154,'Lila & Eve',6,'1997'),(1201,'The Man From The Alamo',2,'2003'),(1210,'All About Actresses (Le bal des actrices)',0,'1989'),(1220,'Foodfight!',2,'1994'),(1230,'Bourne Supremacy, The',6,'1996'),(1233,'Incredible Melting Man, The',5,'2012'),(1256,'Who Framed Roger Rabbit?',7,'1977'),(1257,'Touch of Evil',3,'2011'),(1282,'Street Without End (Kagirinaki hodo)',5,'2003'),(1287,'Batman & Robin',4,'2000'),(1295,'Tito and Me (Tito i ja)',7,'2006'),(1296,'Fightville',9,'2010'),(1301,'Smokin\' Aces',9,'1987'),(1313,'Brno (Bruno)',3,'1999'),(1323,'Next Stop Wonderland',0,'2000'),(1354,'Donner Pass',8,'2003'),(1364,'Mustasukkaisuus',10,'1995'),(1365,'Nothing But Trouble',10,'2011'),(1372,'Chattahoochee',4,'1995'),(1380,'52 Tuesdays',1,'1999'),(1407,'Dr. Horrible\'s Sing-Along Blog',6,'2011'),(1419,'Blue',7,'2008'),(1438,'Down and Derby',8,'2000'),(1485,'Forbidden Door (Pintu Terlarang)',9,'2005'),(1490,'The End',5,'1957'),(1498,'Actress, the Dollars and the Transylvanians, The (Artista, dolarii si Ardelenii)',2,'1998'),(1503,'Mifune\'s Last Song (Mifunes sidste sang)',5,'1999'),(1510,'Time Traveler\'s Wife, The',9,'2003'),(1523,'Primeval',2,'2001'),(1531,'(A)sexual',8,'2008'),(1544,'Danger: Diabolik (Diabolik)',5,'1994'),(1564,'Suspended Vocation, The (La vocation suspendue)',0,'2006'),(1576,'Organizer, The (I compagni)',6,'2008'),(1597,'Broken English',2,'1996'),(1598,'Life Apart: Hasidism in America, A',9,'1987'),(1614,'Superman',2,'1998'),(1625,'Vera Cruz',9,'2011'),(1626,'Four Sons',6,'2002'),(1628,'Better Life, A',10,'2006'),(1648,'Girl, The',7,'2003'),(1672,'Mina Tannenbaum',1,'2011'),(1673,'Svampe',8,'2012'),(1678,'Skin Too Few: The Days of Nick Drake, A',6,'2009'),(1691,'Hills Have Eyes Part II, The',4,'2011'),(1711,'Great Day in Harlem, A',3,'1999'),(1719,'Open Season',4,'1995'),(1724,'Purple Violets',0,'2003'),(1749,'Death of Maria Malibran, The (Der Tod der Maria Malibran)',8,'2013'),(1775,'Fright Night',5,'2010'),(1808,'Kidnapping, Caucasian Style (Kavkazskaya plennitsa)',9,'2010'),(1843,'The Referees',5,'2007'),(1855,'Raid',9,'1997'),(1857,'Three Coins in the Fountain',3,'1998'),(1858,'Leviathan',2,'2007'),(1864,'Balkan Spy (Balkanski spijun)',5,'1992'),(1866,'Snake of June, A (Rokugatsu no hebi)',8,'2012'),(1876,'Letter to Elia, A',10,'1993'),(1892,'Blood of Heroes, The (Salute of the Jugger, The)',2,'1996'),(1898,'Guide to Recognizing Your Saints, A',6,'1997'),(1920,'Odgrobadogroba',10,'2001'),(1938,'Fast Food',9,'2003'),(1942,'Gunfight at Dodge City, The',6,'2001'),(1976,'Nutty Professor, The',4,'2007'),(1978,'Second Skin (Segunda Piel)',2,'2011'),(2028,'Yonkers Joe',8,'2004'),(2029,'Taxi',8,'1998'),(2030,'Still Breathing',5,'2009'),(2031,'Shop on Main Street, The (Obchod na korze)',0,'2000'),(2036,'Nanook of the North',9,'2010'),(2042,'Madeline',6,'2007'),(2044,'Pain in the Ass, A (L\'emmerdeur)',9,'2002'),(2052,'How to Train Your Dragon',9,'2008'),(2057,'Rocky IV',8,'2012'),(2060,'Counterfeiters, The (Le cave se rebiffe)',2,'1995'),(2064,'Green Card',0,'1986'),(2077,'Punk\'s Not Dead',4,'2011'),(2087,'Rid of Me',0,'2010'),(2090,'Virunga',1,'1994'),(2096,'In a Dark Place',4,'2011'),(2107,'Victim',2,'1984'),(2119,'Agent Cody Banks',7,'2010'),(2136,'Tour De Force (Hin und weg)',8,'2012'),(2140,'Zebraman',2,'2003'),(2150,'Jean de Florette',1,'1992'),(2153,'Chinatown',6,'2003'),(2166,'Lust for Life',9,'2003'),(2183,'Legally Blonde 2: Red, White & Blonde',1,'2009'),(2190,'Whiplash',9,'1991'),(2197,'Boiler Room',7,'2012'),(2206,'Metroland',4,'1997'),(2208,'They Won\'t Believe Me',3,'2011'),(2209,'Forest Warrior',4,'2006'),(2223,'Reivers, The',7,'1997'),(2225,'Igor',7,'1999'),(2253,'La vrit si je mens !',3,'1999'),(2275,'Scout, The',9,'1999'),(2277,'Strawberry and Chocolate (Fresa y chocolate)',4,'2010'),(2294,'Low Life',2,'2003'),(2297,'Innocence',4,'1999'),(2301,'Taming of the Shrew, The',9,'2005'),(2312,'X: The Man with the X-Ray Eyes',7,'2009'),(2326,'Don\'t Go in the House',9,'1993'),(2347,'Desperate',1,'2008'),(2354,'Proxy',8,'1994'),(2378,'Hounds, The',10,'2002'),(2383,'Live Music',3,'2001'),(2401,'Enemy of the People, An',1,'1992'),(2405,'Welcome to the Space Show (Uch sh e ykoso)',4,'2000'),(2407,'Blue Week (Sininen viikko)',6,'2005'),(2415,'13th Warrior, The',2,'1992'),(2419,'Sweetest Thing, The',1,'2010'),(2442,'Synecdoche, New York',9,'2008'),(2443,'Milius',4,'2005'),(2445,'Crank',7,'2012'),(2476,'Grand Theft Parsons',3,'1959'),(2487,'Fires Were Started',10,'1996'),(2498,'Blacksmith Scene',8,'2004'),(2533,'Annie',3,'1992'),(2538,'Band\'s Visit, The (Bikur Ha-Tizmoret)',4,'2012'),(2559,'Dreamlife of Angels, The (Vie rve des anges, La)',0,'1987'),(2570,'Century of the Self, The',4,'1995'),(2571,'Catlow',7,'2001'),(2581,'Enemies Closer',1,'2006'),(2583,'Highlander: The Search for Vengeance',2,'1999'),(2594,'Time Freak',6,'1977'),(2600,'Midnight Man',7,'1990'),(2607,'Maradona, the Hand of God (Maradona, la mano di Dio)',10,'1988'),(2609,'La Rabbia',9,'2012'),(2664,'Samoure',7,'2005'),(2670,'Craig\'s Wife',5,'1999'),(2714,'The \'High Sign\'',6,'1995'),(2725,'The Lone Wolf Spy Hunt',3,'2008'),(2727,'Happy New Year (La Bonne Anne)',5,'1995'),(2733,'Meatballs 4',7,'1991'),(2739,'Dark House, The (Dom zly)',9,'2000'),(2740,'Brother Sun, Sister Moon (Fratello sole, sorella luna)',1,'2010'),(2770,'Hi, Mom!',1,'2000'),(2773,'Lovers, The (Les Amants)',2,'1994'),(2779,'Gamer',5,'2005'),(2826,'Way I Spent the End of the World, The (Cum mi-am petrecut sfarsitul lumii)',6,'1994'),(2836,'Everyday Sunshine:  The Story of Fishbone',1,'2000'),(2840,'Au Hasard Balthazar',6,'1993'),(2844,'Conspiracy of Torture, The (Beatrice Cenci)',1,'2007'),(2847,'Spare Bed-Room',1,'2005'),(2849,'Pocahontas',9,'2002'),(2859,'Towelhead (a.k.a. Nothing is Private)',4,'1998'),(2862,'Final Cut, The',3,'2001'),(2874,'Man, Woman and Beast (L\'uomo la donna e la bestia)',9,'2007'),(2880,'Shorts',9,'2007'),(2882,'Stranger in Town, A',10,'1990'),(2892,'New Fist of Fury (Xin jing wu men)',1,'1993'),(2893,'Hand Gun',2,'2008'),(2898,'The Hire: Beat the Devil',9,'1996'),(2899,'Nightmare',3,'2000'),(2917,'Wedding Director, The (Il regista di matrimoni)',5,'1996'),(2925,'Irene, Go Home! (Irena do domu!)',8,'1994'),(2956,'Magnetic Man, The (Magneettimies)',6,'1994'),(2973,'Catch a Fire',6,'1990'),(2975,'Easy Virtue',2,'2011'),(2979,'Best in Show',7,'2012'),(2981,'Foul King, The (Banchikwang)',3,'1966'),(2987,'Five Angles on Murder',3,'2000'),(2990,'Miranda',8,'2010'),(3009,'Zuzu Angel',10,'2004'),(3014,'Dangerous Liaisons',1,'1993'),(3022,'Summer Holiday',9,'1985'),(3023,'Labyrinth',9,'2006'),(3025,'Punishment Park',6,'1997'),(3031,'BURN-E',1,'2012'),(3043,'Lianna',10,'1988'),(3045,'Boss of It All, The (Direktren for det hele)',3,'1996'),(3051,'The Captains',3,'1994'),(3057,'One-Way Ticket to Mombasa (Menolippu Mombasaan)',5,'1991'),(3071,'B.N.B. (Bunty Aur Babli)',4,'1992'),(3083,'Lizard in a Woman\'s Skin, A (Lucertola con la pelle di donna, Una)',3,'1999'),(3086,'Dona Flor and Her Two Husbands (Dona Flor e Seus Dois Maridos)',0,'2004'),(3105,'Ride Beyond Vengeance',2,'2006'),(3113,'Phantom Lady',10,'1995'),(3116,'Great World of Sound',3,'1997'),(3117,'Whitey: United States of America v. James J. Bulger',5,'2011'),(3131,'Chopper Chicks in Zombietown',3,'2008'),(3173,'Hello Herman',1,'2009'),(3186,'Noah',2,'2012'),(3187,'Sleeping Dictionary, The',4,'2010'),(3201,'Spoilers, The',4,'1989'),(3202,'Badlanders, The',0,'2003'),(3203,'America the Beautiful',9,'2004'),(3222,'Lucky Number Slevin',1,'1999'),(3242,'How Do You Write a Joe Schermann Song',2,'1985'),(3249,'Kill Buljo: The Movie',2,'1999'),(3273,'Kabul Express',9,'2012'),(3277,'Stark Raving Mad',8,'1994'),(3281,'Only the Young',4,'2009'),(3287,'Brothers Lionheart, The (Brderna Lejonhjrta)',6,'1989'),(3294,'Nana',1,'2012'),(3299,'Linewatch',2,'2005'),(3311,'Division III: Football\'s Finest',4,'2012'),(3314,'Siffleurs, Les (Viheltjt)',2,'1993'),(3326,'Mr. Sardonicus',7,'2008'),(3345,'SOS - en segelsllskapsresa',8,'1987'),(3354,'Salaam Cinema',8,'2010'),(3365,'Here Comes Mr. Jordan',1,'2007'),(3375,'Window to Paris (Okno v Parizh)',3,'2010'),(3376,'Beer for My Horses',7,'1996'),(3379,'Map For Saturday, A',4,'2009'),(3383,'700 Sundays',6,'1999'),(3392,'Sin City: A Dame to Kill For',0,'2006'),(3394,'Target',1,'2002'),(3423,'Chimpanzee',3,'1996'),(3424,'Cucaracha, La',6,'2000'),(3431,'Ragamuffin',7,'2001'),(3432,'Out of Africa',10,'2001'),(3454,'Battle of Britain',4,'2004'),(3455,'Hole in the Soul, A (Rupa u dusi)',10,'2007'),(3457,'Arthur 2: On the Rocks',0,'2010'),(3472,'Infestation',8,'2006'),(3481,'Santa\'s Slay',8,'2001'),(3486,'Lady of Burlesque',7,'1988'),(3506,'Blood on the Moon',3,'2010'),(3508,'Great Ziegfeld, The',3,'2008'),(3514,'Daredevil',7,'2000'),(3517,'Problem Child',3,'1987'),(3525,'Toto le hros',6,'1948'),(3533,'The Bronze',0,'2002'),(3536,'Witching and Bitching (Brujas de Zugarramurdi, Las)',2,'2012'),(3540,'Marc Pease Experience, The',1,'2010'),(3541,'Black Sunday (La maschera del demonio)',9,'1989'),(3543,'Fritz the Cat',9,'1994'),(3554,'Forget Baghdad: Jews and Arabs - The Iraqi Connection',5,'1992'),(3571,'Invisible Ray, The',9,'2010'),(3586,'War Witch (Rebelle)',3,'2009'),(3590,'Thunderball',2,'2003'),(3603,'Morning for the Osone Family',7,'2009'),(3604,'When the Levees Broke: A Requiem in Four Acts',9,'1994'),(3626,'Ten Minutes Older: The Trumpet',7,'2000'),(3627,'Big Lebowski, The',1,'2013'),(3631,'Silence of the Sea, The (Le silence de la mer)',6,'1990'),(3648,'Stormbreaker (Alex Rider: Operation Stormbreaker)',4,'1999'),(3674,'Bones',4,'1995'),(3682,'The Boy Who Cried Werewolf',3,'2002'),(3690,'Aurora',2,'1988'),(3703,'The Thirteen Assassins',2,'2002'),(3717,'Crime Wave',0,'2007'),(3731,'Nun, The (La monja) ',3,'1994'),(3747,'Junkopia',9,'2005'),(3760,'American Raspberry (Prime Time) (Funny America)',0,'1993'),(3761,'Halo 4: Forward Unto Dawn',8,'1985'),(3770,'They Have Escaped (He ovat paenneet)',3,'1998'),(3774,'Back to School with Franklin',1,'1994'),(3779,'Junior',1,'1996'),(3789,'Three Smart Girls',3,'2006'),(3792,'Wassup Rockers',8,'1996'),(3805,'Cat o\' Nine Tails, The (Gatto a nove code, Il)',4,'2006'),(3806,'American Addict',1,'2004'),(3810,'Anne of Green Gables: The Sequel (a.k.a. Anne of Avonlea)',2,'1992'),(3811,'Adventures of Prince Achmed, The (Abenteuer des Prinzen Achmed, Die)',2,'2002'),(3816,'Road to Utopia',0,'2012'),(3817,'Shampoo',5,'1995'),(3818,'Arabian Nights (Il fiore delle mille e una notte)',6,'1997'),(3832,'Overnight',9,'2003'),(3841,'Angels in America',8,'2008'),(3859,'New Jersey Drive',2,'1989'),(3860,'By the Bluest of Seas (U samogo sinego morya)',0,'1998'),(3870,'Stagecoach',9,'2000'),(3885,'Before I Disappear',3,'2004'),(3888,'Rovaniemen markkinoilla',5,'1993'),(3893,'Without Lying Down: Frances Marion and the Power of Women in Hollywood',10,'2007'),(3897,'Wild Child, The (Enfant sauvage, L\')',5,'1989'),(3899,'Levottomat 3',9,'2011'),(3918,'My Neighbors the Yamadas (Hhokekyo tonari no Yamada-kun)',5,'2000'),(3921,'New York',4,'2003'),(3926,'Magnificent Obsession',9,'2009'),(3936,'Takva: A Man\'s Fear of God',7,'2009'),(3952,'Prince of Pennsylvania, The',5,'1993'),(3954,'Electroma',7,'2008'),(3960,'Asylum',4,'2005'),(3962,'Artist and the Model, The (El artista y la modelo)',7,'2012'),(3969,'Washington Square',10,'2003'),(3976,'Town & Country',1,'1995'),(3983,'Jean Gentil',10,'1994'),(3993,'Repentance',2,'1997'),(4001,'Ju Dou',6,'2008'),(4022,'Kilometre Zero (Kilomtre zro)',7,'1994'),(4026,'Intended, The',1,'1987'),(4037,'Clone (Womb)',8,'1984'),(4040,'Oh, God! Book II',4,'2011'),(4047,'Romulus, My Father',5,'1997'),(4050,'Vanishing, The',7,'1998'),(4059,'Disorder',7,'2010'),(4077,'Student of the Year',5,'2004'),(4086,'Hudsucker Proxy, The',7,'2008'),(4093,'Shape of Things, The',6,'1992'),(4097,'No Highway in the Sky',1,'2005'),(4106,'Hana (Hana yori mo naho)',6,'2008'),(4138,'Ace Ventura: When Nature Calls',6,'2008'),(4152,'Locked Out (Enferms dehors)',6,'1988'),(4187,'East is East',5,'2009'),(4196,'Hunger',2,'2003'),(4223,'Wild America',1,'2006'),(4229,'When Love Is Not Enough: The Lois Wilson Story',2,'2003'),(4233,'Harold and Kumar Go to White Castle',9,'1994'),(4242,'Fellini\'s Roma (Roma)',6,'1993'),(4264,'Run of the Arrow',1,'1998'),(4265,'Asfalto',6,'2007'),(4279,'Twogether',1,'1993'),(4280,'Inglourious Basterds',7,'2002'),(4284,'Professor Beware',5,'1997'),(4288,'Miss Bala',1,'1992'),(4293,'Texas Chainsaw Massacre, The',7,'2006'),(4294,'Luna Papa',4,'1909'),(4297,'Brooklyn',4,'2003'),(4313,'Pekka ja Ptk Suezilla',8,'2007'),(4316,'My Man Godfrey',10,'2005'),(4330,'Vlad',1,'2007'),(4338,'Poseidon Adventure, The',8,'2006'),(4344,'Apostle, The',9,'1999'),(4345,'Dark Tide',3,'1988'),(4392,'The Hallelujah Handshake',9,'2000'),(4394,'Cry, The (Grido, Il)',8,'2000'),(4399,'Climb, The',1,'2012'),(4400,'Competition, The',4,'1995'),(4414,'Police Academy',7,'1984'),(4416,'My Son, My Son, What Have Ye Done',5,'2002'),(4419,'The Cyclone',8,'1994'),(4453,'Snow Queen',3,'1986'),(4466,'Turtle Diary',4,'2009'),(4478,'Life After Beth',3,'2004'),(4481,'Permanent Record',7,'2008'),(4483,'Antiviral',3,'1993'),(4484,'Rules of Attraction, The',9,'1996'),(4497,'The Anomaly',6,'2007'),(4519,'Hellbound?',3,'1999'),(4527,'Dark Side of the Heart, The (Lado oscuro del corazn, El)',2,'1978'),(4546,'Miracle on 34th Street',2,'2012'),(4554,'Oh Happy Day',5,'2004'),(4574,'Mourning Becomes Electra',3,'1988'),(4582,'How to Eat Your Watermelon in White Company (and Enjoy It)',8,'2004'),(4596,'Grand Piano',9,'1986'),(4611,'XX/XY',4,'2007'),(4619,'Blood Runs Cold',1,'2008'),(4645,'Sound and Fury',5,'1996'),(4666,'Keeping Mum',3,'2009'),(4676,'Russian Roulette',5,'2007'),(4679,'Chan Is Missing',7,'2010'),(4718,'Exiles (Exils)',7,'2005'),(4720,'Submarino',8,'1993'),(4738,'Syndromes and a Century (Sang sattawat)',9,'2008'),(4772,'Companeros (Vamos a matar, compaeros)',4,'1995'),(4775,'Ana and the Others (Ana y los otros)',4,'2001'),(4807,'Voyeur (Abel)',10,'2002'),(4851,'Man to Man',9,'1998'),(4865,'Mr. Average',7,'2002'),(4868,'Loser Takes All, The (O hamenos ta pairnei ola)',3,'1997'),(4872,'Flying Leathernecks, The',3,'1994'),(4881,'Adventures of Rocky and Bullwinkle, The',8,'2012'),(4893,'Most Likely to Succeed',8,'2012'),(4913,'Show',5,'1985'),(4921,'Something Borrowed',3,'1994'),(4953,'Ace High (Quattro dell\'Ave Maria, I)',0,'2003'),(4954,'Camp Rock 2: The Final Jam',5,'1994'),(4955,'Boomerang',0,'1997'),(4964,'Universal Soldier: Regeneration',3,'2000'),(4981,'Stolen (Stolen Lives)',6,'2011'),(4989,'Heiress, The',4,'2002'),(5005,'And the Ship Sails On (E la nave va)',8,'1994'),(5008,'Children (Brn)',4,'2004'),(5009,'Anatomy (Anatomie)',4,'1997'),(5011,'Punisher, The',6,'1995'),(5019,'Torn Curtain',2,'2001'),(5058,'Story of Science, The',7,'1993'),(5061,'Teen Wolf',5,'2007'),(5068,'Sex Drive',2,'2011'),(5070,'Big Bad Wolf',8,'2003'),(5076,'Hot Pursuit',10,'1990'),(5089,'Captain Phillips',6,'1997'),(5100,'On the Beach',5,'1995'),(5101,'Along the Ridge (Anche libero va bene)',6,'2006'),(5113,'Good Wife, The',7,'1996'),(5148,'Strangers in Good Company',4,'1996'),(5162,'Confetti',0,'2008'),(5183,'Assault of the Sasquatch (Sasquatch Assault)',0,'2005'),(5188,'Hellboy II: The Golden Army',6,'1997'),(5221,'Tinker, Tailor, Soldier, Spy',2,'2007'),(5225,'My Blueberry Nights',9,'1984'),(5233,'Iran Job, The',7,'1992'),(5238,'Brady Bunch Movie, The',2,'1997'),(5240,'Sign \'o\' the Times',5,'1994'),(5252,'Two Mules for Sister Sara',4,'1995'),(5260,'Remember Sunday',7,'2012'),(5264,'Abbott and Costello in Hollywood',5,'2007'),(5274,'Age of the Earth, The (A Idade da Terra)',3,'2005'),(5279,'Cry-Baby',8,'1958'),(5284,'Flight of Dragons, The',8,'2008'),(5288,'Meth',10,'1992'),(5289,'Railway Children, The',4,'1999'),(5296,'CrissCross',9,'2000'),(5320,'Dummy',6,'2008'),(5331,'It\'s Complicated',4,'1993'),(5345,'Roxie Hart',0,'2008'),(5358,'The Great Kidnapping',0,'2000'),(5371,'Exodus: Gods and Kings',6,'1992'),(5378,'Down and Out with the Dolls',2,'1999'),(5380,'Peacekeeper, The',2,'1996'),(5386,'Spud',7,'1997'),(5392,'Company Men, The',9,'1997'),(5404,'Cape Fear',7,'1967'),(5422,'Champion',7,'1999'),(5427,'Comic Book: The Movie',2,'1994'),(5444,'E.T. the Extra-Terrestrial',3,'1969'),(5459,'Hunt, The (Caza, La)',5,'2006'),(5469,'Rashomon (Rashmon)',1,'1990'),(5502,'The Testimony',3,'2010'),(5503,'Big Blonde, The (Iso vaalee)',10,'2005'),(5505,'Screamers: The Hunting',10,'2001'),(5507,'Love Story 2050',7,'1995'),(5520,'See Here, Private Hargrove',9,'1998'),(5526,'Phenomena (a.k.a. Creepers)',5,'2005'),(5533,'Hong Kong Confidential (Amaya)',4,'1997'),(5552,'Boarding Gate',4,'1987'),(5560,'Night Court',2,'2011'),(5570,'Sleep Tight (Mientras duermes)',3,'2011'),(5573,'Thin Man, The',7,'2011'),(5586,'Shrink Is In, The',1,'2003'),(5587,'Three Colors: White (Trzy kolory: Bialy)',8,'2000'),(5590,'Imagine Me & You',9,'1995'),(5591,'West Beirut (West Beyrouth)',1,'2009'),(5638,'Notorious C.H.O.',1,'2004'),(5643,'Scent of Green Papaya, The (Mi du du xhan - L\'odeur de la papaye verte)',9,'1994'),(5644,'Naked Blood: Megyaku (Nekeddo burddo: Megyaku)',5,'1976'),(5647,'Everyday People',4,'2010'),(5650,'Being There',10,'2011'),(5680,'Belles on Their Toes',3,'2004'),(5691,'Public Eye, The (Follow Me!)',9,'2010'),(5695,'Big Shot\'s Funeral (Da Wan)',4,'2007'),(5696,'Ruby Cairo',9,'2009'),(5697,'Happening, The',0,'2008'),(5721,'Shoot the Moon',4,'2003'),(5722,'Dead Girl, The',5,'1997'),(5743,'Beautiful Boxer',3,'1997'),(5747,'War on Democracy, The',8,'1994'),(5766,'Run If You Can',9,'2010'),(5776,'Freeway',10,'2009'),(5783,'Ugly',2,'2007'),(5789,'Human Resources Manager, The',5,'2002'),(5791,'Malibu High',4,'2001'),(5811,'Session 9',10,'2004'),(5812,'The Studio Murder Mystery',2,'1990'),(5819,'Colony, The',9,'2004'),(5829,'Powder Blue',6,'1992'),(5839,'Guy and Madeline on a Park Bench',9,'2012'),(5846,'Pitch Perfect',6,'2005'),(5858,'Earth (Tierra)',4,'2000'),(5891,'Herbie Goes to Monte Carlo',4,'2000'),(5892,'Covert Action',9,'2012'),(5897,'Love and Death on Long Island',8,'2008'),(5916,'Breed, The',4,'1992'),(5918,'Troubled Water (DeUsynlige)',7,'2008'),(5921,'Molly',7,'1981'),(5961,'Incredibly True Adventure of Two Girls in Love, The',5,'1993'),(5963,'The Year Without a Santa Claus',10,'2012'),(5966,'Under the Boardwalk: The Monopoly Story',8,'2002'),(5977,'Warlock',4,'2001'),(5988,'Reign of Assassins',5,'2013'),(5993,'Tyler Perry\'s Diary of a Mad Black Woman',6,'1997'),(5994,'Guilty by Suspicion',3,'2007'),(6000,'Original Sin',8,'1993'),(6003,'Zero de conduite (Zero for Conduct) (Zro de conduite: Jeunes diables au collge)',3,'2007'),(6009,'Glory',3,'1988'),(6026,'Broadway Melody of 1936',8,'2012'),(6033,'Vampire Academy',8,'1998'),(6035,'Live Nude Girls Unite!',5,'2005'),(6045,'Internship, The',7,'2001'),(6047,'Courage of the Eagles, The (Les aiguilles rouges)',0,'2005'),(6064,'Happy-Go-Lucky',6,'2003'),(6075,'Forever Young',2,'1988'),(6080,'Random Hearts',4,'1985'),(6112,'Tycoon (Oligarkh)',9,'1996'),(6115,'Santa Claus Conquers the Martians',7,'2001'),(6119,'Goldfish Memory',7,'2007'),(6121,'Watch on the Rhine',9,'2011'),(6127,'Island',1,'2000'),(6138,'Percy Jackson: Sea of Monsters',9,'2007'),(6157,'Titanic Town',5,'2007'),(6159,'Charlie Chan\'s Greatest Case',3,'1997'),(6160,'Legends of the Canyon',8,'2001'),(6165,'Popatopolis',2,'2006'),(6169,'Something for Everyone',3,'1997'),(6179,'Loving',9,'2007'),(6199,'None But the Brave',1,'1993'),(6204,'Fuck',2,'2004'),(6217,'Meilleur espoir fminin',3,'1984'),(6230,'Elmer Gantry',7,'2011'),(6239,'Tusday',8,'1997'),(6252,'La cravate',8,'2003'),(6280,'Last Airbender, The',2,'2008'),(6281,'Rocky V',5,'1994'),(6285,'House of Wax',10,'1994'),(6287,'Twenty Bucks',0,'1982'),(6298,'Unconditional Love',7,'2010'),(6313,'Phil Ochs: There But for Fortune',5,'1986'),(6317,'Journey of Natty Gann, The',5,'1987'),(6320,'Kamome Diner',6,'1995'),(6341,'Impostor',3,'1989'),(6354,'Heaven Can Wait',5,'1993'),(6362,'Green Fire',7,'2010'),(6367,'Wit',9,'1991'),(6381,'eXistenZ',4,'1995'),(6385,'Ghost Machine',7,'2007'),(6388,'Man Who Wasn\'t There, The',7,'2003'),(6389,'For Heaven\'s Sake',3,'2003'),(6394,'Good Life, The',3,'2013'),(6417,'Necessities of Life, The (Ce qu\'il faut pour vivre)',2,'2011'),(6449,'Story of Me, The (O contador de histrias)',4,'1990'),(6451,'Fixed Bayonets!',4,'2005'),(6469,'The Land Before Time XI: Invasion of the Tinysauruses',1,'1993'),(6495,'Wild and Wonderful Whites of West Virginia, The',1,'1995'),(6503,'Devil Times Five (a.k.a. Peopletoys)',2,'2006'),(6515,'Man on the Roof, The (Mannen p taket)',0,'2010'),(6516,'Zorro',9,'1996'),(6523,'Choose Me',8,'1994'),(6532,'X, Y and Zee (Zee and Co.)',6,'1991'),(6551,'Quartier Mozart',8,'2010'),(6554,'Equinox',9,'1964'),(6566,'Midnight Chronicles',1,'1998'),(6577,'Second Man, The (O Defteros Andras)',3,'1991'),(6596,'Sky High',3,'1997'),(6597,'Brainscan',2,'1994'),(6609,'Lassie',10,'2005'),(6611,'Spriggan (Supurigan)',9,'2009'),(6613,'Sword of Gideon',7,'2004'),(6614,'Die Fischerin',10,'2000'),(6628,'Air Up There, The',0,'2003'),(6636,'White Balloon, The (Badkonake sefid)',1,'1997'),(6657,'Exterminating Angels, The (anges exterminateurs, Les)',8,'1996'),(6663,'Katt Williams: The Pimp Chronicles Pt. 1',6,'2009'),(6695,'South Park: Bigger, Longer and Uncut',4,'1995'),(6697,'Koumiko Mystery, The (Mystre Koumiko, Le)',4,'1995'),(6700,'Kagi (Odd Obsession)',9,'1992'),(6709,'Grin Without a Cat, A (Fond de l\'air est rouge, Le)',7,'2012'),(6719,'Impulse',2,'2004'),(6727,'Dawn Patrol, The',2,'1992'),(6729,'Prisoners of the Lost Universe',2,'2008'),(6744,'Deadly Circuit (Mortelle randonne)',7,'2005'),(6753,'Brother Bear 2',6,'2009'),(6757,'Caine Mutiny Court-Martial, The',6,'2004'),(6762,'Absent-Minded Professor, The',4,'2006'),(6782,'Marie-Jo and Her 2 Lovers (Marie-Jo et ses 2 amours)',7,'2007'),(6784,'Notorious Bettie Page, The',1,'1986'),(6799,'Dreamcatcher',10,'2010'),(6804,'Torso',1,'2006'),(6817,'End of the Century: The Story of the Ramones',6,'2001'),(6828,'Luca, Luca (Hija del canbal, La)',6,'2005'),(6834,'Navigators, The',7,'1987'),(6838,'Bridge, The (Brcke, Die)',1,'1985'),(6840,'Wackness, The',5,'1988'),(6856,'Koruto wa ore no pasupooto (Colt Is My Passport, A)',8,'2003'),(6870,'Bad News Bears in Breaking Training, The',9,'1985'),(6880,'Way of the Gun, The',9,'2004'),(6906,'Madison',7,'2010'),(6912,'Fast Food Nation',1,'1999'),(6914,'Warm Water Under a Red Bridge (Akai hashi no shita no nurui mizu)',0,'2011'),(6919,'Plaisir, Le',9,'1989'),(6921,'Control (Kontroll)',1,'2009'),(6924,'Everybody\'s Fine (Stanno tutti bene)',9,'2001'),(6925,'No Greater Love',3,'1999'),(6931,'How to Eat Fried Worms',2,'2009'),(6948,'Make Them Die Slowly (Cannibal Ferox)',0,'2010'),(6953,'Final Option, The (Who Dares Wins)',6,'2002'),(6963,'Living on One Dollar',7,'2003'),(6972,'Patton Oswalt: Werewolves and Lollipops',9,'2007'),(6976,'Brken, The (a.k.a. Broken, The)',6,'1991'),(6983,'Desert Trail, The',6,'2003'),(6991,'Woodstock',1,'2010'),(7003,'Soldiers of Fortune',4,'1986'),(7043,'Ben X',5,'1997'),(7053,'DuckTales: The Movie - Treasure of the Lost Lamp',6,'1996'),(7063,'Captain Newman, M.D.',6,'2013'),(7074,'Bribe, The',2,'2009'),(7079,'King of Hearts',10,'2010'),(7097,'Don 2',9,'1980'),(7117,'Forest for the Trees, The (Der Wald vor lauter Bumen)',10,'1990'),(7118,'My Girlfriend\'s Boyfriend',0,'2010'),(7123,'Will Ferrell: You\'re Welcome America - A Final Night with George W Bush',1,'1989'),(7133,'We and the I, The',4,'1964'),(7152,'Cure, The',8,'2010'),(7208,'Lust for Gold',1,'1991'),(7209,'Tillie\'s Punctured Romance',6,'2005'),(7216,'Filthy Gorgeous: The Bob Guccione Story',4,'1995'),(7222,'Afflicted',5,'2000'),(7231,'Murder at the Gallop',10,'1984'),(7241,'Frailty',8,'1992'),(7256,'Wedding Belles',3,'2001'),(7277,'Breaktime, The (Zang-e Tafrih) (Recess)',7,'2000'),(7278,'Help Me, Eros (Bang bang wo ai shen)',10,'1997'),(7279,'Swamp Water',8,'2008'),(7291,'Crawling Eye, The (a.k.a. Trollenberg Terror, The)',1,'2011'),(7294,'Space Pirate Captain Harlock: Arcadia of My Youth (Waga seishun no Arcadia)',7,'2000'),(7334,'Wild Hearts Can\'t Be Broken',7,'2006'),(7342,'Like Water',2,'2002'),(7352,'Fire and Ice',10,'2007'),(7356,'V. I. Warshawski',2,'2003'),(7369,'The Harmony Game',9,'1993'),(7392,'Kiss, The',2,'1997'),(7401,'Bloodsucking Freaks',3,'1987'),(7406,'Night Out, A',4,'2011'),(7419,'One of Our Dinosaurs Is Missing',5,'1999'),(7434,'Desperate Hours',2,'1987'),(7444,'Mumford',1,'2008'),(7447,'Doom Generation, The',7,'2013'),(7450,'Fighting Seabees, The',7,'2010'),(7452,'Angry Red Planet, The',6,'2007'),(7461,'Silences of the Palace, The (Saimt el Qusur)',9,'2010'),(7480,'Nightmare City (a.k.a. City of the Walking Dead) (a.k.a. Invasin de los zombies atmicos, La) (Incubo sulla citt contaminata)',9,'1994'),(7491,'The Case of the Lucky Legs',3,'1983'),(7493,'Crac',4,'2005'),(7512,'For Love or Money',5,'2008'),(7523,'Eight Legged Freaks',9,'2000'),(7541,'Blind (Beul-la-in-deu)',4,'1986'),(7563,'I, Robot',7,'2001'),(7572,'Oslo, August 31st (Oslo, 31. august)',6,'2004'),(7589,'Career Opportunities',6,'2004'),(7590,'My Man and I',2,'2009'),(7623,'Artemisia',3,'2010'),(7624,'Duellists, The',6,'2000'),(7638,'Skin I Live In, The (La piel que habito)',9,'1995'),(7645,'The Seven-Ups',7,'1976'),(7661,'Justin Bieber\'s Believe',0,'1999'),(7678,'Business of Strangers, The',5,'2003'),(7717,'Whispers in the Dark',4,'2012'),(7737,'The Whisperer in Darkness',4,'1992'),(7758,'Amores Perros (Love\'s a Bitch)',7,'1984'),(7774,'Life Is Rosy (a.k.a. Life Is Beautiful) (Vie est belle, La)',5,'1999'),(7795,'Forget me not',8,'2012'),(7800,'Winter Solstice',8,'2005'),(7801,'I Confess',4,'1994'),(7809,'Indian Summer (a.k.a. Alive & Kicking)',5,'1994'),(7810,'Who\'s Singin\' Over There? (a.k.a. Who Sings Over There) (Ko to tamo peva)',1,'2001'),(7817,'Color of Paradise, The (Rang-e khoda)',9,'2000'),(7820,'Highway 61',4,'2003'),(7824,'History of the World: Part I',6,'2006'),(7827,'Suspicious River',8,'1995'),(7832,'Keys to Tulsa',5,'1997'),(7887,'Brother Orchid',1,'1999'),(7889,'Neon Flesh (Carne de nen)',5,'2000'),(7894,'Home on the Range',1,'2000'),(7898,'Paprika (Papurika)',2,'2006'),(7917,'Kiss Me Goodbye',2,'2010'),(7941,'Smart Set, The',6,'2004'),(7947,'Company, The',8,'1986'),(7966,'Mother, Jugs & Speed',2,'2002'),(7981,'Thunderbird Six',10,'1993'),(7994,'Ai Weiwei: Never Sorry',5,'1998'),(8006,'Romance in a Minor Key (Romanze in Moll)',8,'1997'),(8007,'And Then There Were None',6,'2001'),(8023,'Benny Goodman Story, The',2,'1995'),(8029,'Saving God',5,'2012'),(8030,'The Circle',10,'2012'),(8042,'Ernest Rides Again',5,'2005'),(8046,'Last Real Men, The (Die letzten Mnner)',8,'2002'),(8057,'Blackwoods',5,'2009'),(8067,'Dead on Time',10,'2008'),(8074,'Gun the Man Down',9,'1999'),(8080,'Top Dog',7,'1993'),(8117,'I Bought a Vampire Motorcycle',9,'2006'),(8124,'Barefoot Executive, The',3,'2005'),(8151,'Hollywood Complex, The',6,'2002'),(8165,'Stendhal Syndrome, The (Sindrome di Stendhal, La)',8,'2010'),(8166,'Friday the 13th Part VIII: Jason Takes Manhattan',6,'2005'),(8168,'Best Man Down',2,'1994'),(8170,'Innkeepers, The',5,'1993'),(8195,'Cabinet of Dr. Caligari, The (Cabinet des Dr. Caligari., Das)',3,'1992'),(8203,'Strange Brew',3,'1989'),(8212,'Earth vs. The Spider',2,'1999'),(8225,'Spider',3,'1992'),(8231,'Tropical Fish (Re dai yu)',4,'1998'),(8234,'Lost Horizon',8,'2008'),(8238,'Girl Cut in Two, The (Fille coupe en deux, La)',3,'2002'),(8240,'American Revolutionary: The Evolution of Grace Lee Boggs',8,'1988'),(8256,'Scarlet Letter, The',7,'2011'),(8268,'Cool Air',5,'1983'),(8271,'Lumihiutalemuodostelma',7,'1998'),(8272,'Narcissus',1,'1987'),(8275,'King\'s Game (Kongekabale)',3,'2005'),(8311,'The Tunnel of Love',9,'2011'),(8334,'Beyond Therapy',5,'1999'),(8335,'Welcome to Macintosh',3,'2006'),(8340,'Animal House',1,'2004'),(8345,'Make Your Move',9,'2006'),(8350,'Ides of March, The',4,'1994'),(8358,'Welcome Back, Mr. McDonald (Rajio no jikan)',0,'2004'),(8367,'Baxter',7,'2003'),(8399,'Book of Love',4,'2011'),(8414,'Holiday Wishes',4,'2001'),(8416,'Barcelona',8,'2006'),(8444,'You Can Count on Me',1,'1998'),(8453,'Champagne for Caesar',3,'1987'),(8464,'Black Hand',4,'2002'),(8466,'God\'s Gun',6,'2006'),(8501,'Santos',2,'1985'),(8503,'Freeze Me',6,'2000'),(8517,'Be with Me',6,'2005'),(8522,'Casanova',6,'1999'),(8536,'Urban Legends: Bloody Mary',1,'1997'),(8563,'Miss Congeniality',8,'2000'),(8579,'All American Chump',10,'2002'),(8620,'Tinker Bell and the Lost Treasure',5,'2001'),(8638,'Dementia 13',10,'1993'),(8645,'On the Outs',9,'1994'),(8650,'Gone Girl',2,'2003'),(8655,'Django 2: Django Strikes Again',1,'1992'),(8660,'Loaf and Camouflage',6,'1979'),(8664,'Subspecies IV: Bloodstorm',7,'2003'),(8666,'Body Snatcher, The',3,'2006'),(8667,'Railroaded!',5,'1962'),(8683,'Message, The (a.k.a. Mohammad: Messenger of God)',4,'2011'),(8687,'Save the Date',2,'2013'),(8690,'Point Men, The',6,'2008'),(8692,'Last Hurrah, The',1,'1996'),(8697,'Thrill Ride: The Science of Fun',4,'1996'),(8705,'Mockingbird Don\'t Sing',7,'2011'),(8713,'Lagaan: Once Upon a Time in India',9,'2012'),(8723,'Coffy',8,'2003'),(8726,'Zulu Dawn',9,'2007'),(8731,'No Way to Treat a Lady',9,'2011'),(8733,'Scattered Clouds (Midaregumo)',7,'1998'),(8753,'Boys Diving, Honolulu',6,'2007'),(8754,'Marjoe',8,'1990'),(8760,'Life Without Dick',4,'2008'),(8771,'Throw Down (Yau doh lung fu bong)',5,'1984'),(8772,'Cardinal, The',8,'1996'),(8773,'If You Love (Jos rakastat)',1,'2008'),(8784,'The Dark Valley',5,'2010'),(8787,'Let\'s Not Get Angry (Ne nous fchons pas)',1,'1991'),(8806,'Chelsea Walls',8,'2008'),(8840,'Rosario Tijeras',0,'2011'),(8845,'High Risk',6,'2011'),(8848,'300 Miles to Heaven (300 Mil do Nieba)',5,'2007'),(8854,'Tyler Perry\'s Meet the Browns',3,'2001'),(8861,'Mammuth',2,'1999'),(8884,'Camouflage',2,'2012'),(8889,'Dr. Bronner\'s Magic Soapbox',1,'2005'),(8890,'Apple, The (Sib)',4,'1990'),(8899,'Cut and Run (Inferno in diretta)',3,'1992'),(8918,'America Before Columbus',5,'1994'),(8919,'Larry Crowne',2,'1996'),(8922,'Silverado',5,'2012'),(8923,'Fear X',2,'1997'),(8924,'Milky Way (Tejt)',6,'2002'),(8939,'Die, Mommie, Die',3,'1986'),(8967,'Aspen',4,'2001'),(8977,'Luna, La',7,'2007'),(8982,'Legend of Sleepy Hollow, The',6,'1996'),(8986,'Miracle in Cell No. 7',5,'1997'),(8988,'Nobody Wants the Night',7,'2000'),(9002,'For a Woman (Pour une femme)',0,'2004'),(9012,'Dark Water (Honogurai mizu no soko kara)',8,'2007'),(9019,'Winter War (Talvisota)',9,'1992'),(9020,'Underworld: Evolution',4,'1999'),(9033,'Trials of Oscar Wilde, The',3,'1997'),(9035,'Goodbye Uncle Tom',1,'1997'),(9039,'Good Job:  Stories of the FDNY, A',8,'2007'),(9041,'The Distance',0,'2012'),(9044,'Agent Red',0,'1987'),(9058,'Rock Star',0,'2006'),(9060,'Parade, The (Parada)',7,'2005'),(9075,'Party Monster',10,'1996'),(9076,'Malone',5,'2008'),(9105,'The Well',9,'1993'),(9130,'Summer of the Monkeys',6,'2010'),(9137,'Adventures of Mary-Kate and Ashley, The: The Case of the Christmas Caper',6,'2005'),(9158,'Little Women',1,'1995'),(9161,'Apollo Zero',5,'2006'),(9165,'MVP: Most Valuable Primate',5,'1993'),(9176,'Stranger, The',1,'2011'),(9182,'Omega Man, The',3,'1991'),(9192,'Love Hina Again',4,'1984'),(9197,'Strange Case of Dr. Jekyll and Miss Osbourne, The (Dr. Jekyll and His Women) (Docteur Jekyll et les femmes)',9,'2012'),(9205,'Black Widow',3,'2002'),(9206,'Michael Laudrup - en Fodboldspiller',4,'2005'),(9207,'Babymakers, The',7,'1995'),(9216,'At Sword\'s Point',4,'2000'),(9225,'Legal Eagles',5,'2007'),(9234,'Blade: Trinity',7,'2004'),(9251,'Best Friends',6,'2003'),(9254,'Betsy\'s Wedding',8,'2009'),(9267,'Madame Tutli-Putli',3,'2009'),(9268,'Gentlemen Don\'t Eat Poets (Grotesque, The)',0,'1999'),(9288,'Blue Hawaii',5,'2000'),(9290,'Lightspeed',3,'2006'),(9311,'People vs. George Lucas, The',7,'2008'),(9321,'Ida',2,'1995'),(9324,'Callas Forever',10,'2004'),(9328,'New York: A Documentary Film',2,'2001'),(9366,'Friday the 13th Part V: A New Beginning',9,'2006'),(9369,'Village, The',5,'2010'),(9384,'Lakeview Terrace',2,'1980'),(9431,'Thief of Damascus',8,'2010'),(9432,'Village Barbershop, The',3,'2007'),(9437,'Kinky Boots',9,'2012'),(9444,'Pleasure Party (Partie de plaisir, Une) (Piece of Pleasure, A)',0,'1999'),(9456,'Run',4,'2007'),(9484,'The Tree, the Mayor and the Mediatheque',0,'1994'),(9489,'Men with Guns',10,'2006'),(9493,'Carbon Copy',1,'2000'),(9498,'Memories of Matsuko (Kiraware Matsuko no issh)',1,'2004'),(9523,'Surfwise',2,'1971'),(9543,'Ride',6,'2008'),(9545,'Herbie Rides Again',9,'1999'),(9546,'Ivul',2,'1988'),(9547,'Fog City Mavericks',8,'1995'),(9554,'Robin Hood',1,'1990'),(9577,'Spy(ies) (Espion(s))',4,'1989'),(9580,'Mamitas',8,'2007'),(9593,'Clairvoyant, The',9,'1995'),(9597,'Woman in the Meadow (Nainen kedolla)',6,'1996'),(9599,'Riding Giants',7,'2004'),(9610,'Helicopter String Quartet',5,'2005'),(9612,'Verboten!',1,'2006'),(9614,'Legend of Lylah Clare, The',6,'2011'),(9618,'Ong-Bak 2: The Beginning (Ong Bak 2)',0,'2008'),(9632,'Legend of the Boneknapper Dragon',8,'2006'),(9634,'Sense and Sensibility',2,'1997'),(9647,'D-Day',1,'1991'),(9648,'Norma Rae',7,'1996'),(9670,'Forever, Darling',8,'1996'),(9688,'Escort, The (Scorta, La)',1,'2008'),(9696,'Where the Day Takes You',7,'1993'),(9718,'Shanghai Kiss',9,'2011'),(9822,'Who the F**K Is Arthur Fogel',3,'1994'),(9836,'Mighty Peking Man (a.k.a. Goliathon) (Xing xing wang)',5,'1990'),(9850,'Black Snake Moan',6,'1999'),(9851,'Chambermaid on the Titanic, The (Femme de chambre du Titanic, La)',3,'1999'),(9855,'Town Called Hell, A',6,'2009'),(9863,'Winter in Wartime',5,'2011'),(9873,'After Image (Seeing in the Dark)',1,'2000'),(9874,'Poor White Trash',2,'1989'),(9877,'Uncle Buck',7,'1992'),(9880,'To Rome with Love',5,'2002'),(9900,'Sex in Chains (Geschlecht in Fesseln)',7,'2005'),(9902,'Yuki & Nina',2,'2012'),(9912,'Lair of the White Worm, The',8,'2004'),(9941,'King in New York, A',1,'2001'),(9945,'Whisky',2,'1993'),(9968,'Golden Boy',10,'2002'),(9979,'Christmas in Connecticut',3,'2008'),(9982,'From Russia with Love',7,'2013');
/*!40000 ALTER TABLE `movies` ENABLE KEYS */;
UNLOCK TABLES;

--
-- Table structure for table `now_showing`
--

DROP TABLE IF EXISTS `now_showing`;
/*!40101 SET @saved_cs_client     = @@character_set_client */;
/*!50503 SET character_set_client = utf8mb4 */;
CREATE TABLE `now_showing` (
  `movies_id` int NOT NULL,
  `theatre_id` int NOT NULL,
  `show_time` varchar(45) NOT NULL,
  PRIMARY KEY (`movies_id`,`theatre_id`)
) ENGINE=InnoDB DEFAULT CHARSET=utf8mb4 COLLATE=utf8mb4_0900_ai_ci;
/*!40101 SET character_set_client = @saved_cs_client */;

--
-- Dumping data for table `now_showing`
--

LOCK TABLES `now_showing` WRITE;
/*!40000 ALTER TABLE `now_showing` DISABLE KEYS */;
INSERT INTO `now_showing` VALUES (9,5,'11:15'),(17,38,'21:55'),(23,1,'22:21'),(82,4,'8:50'),(88,30,'4:29'),(137,55,'3:45'),(138,10,'17:36'),(145,10,'4:08'),(147,25,'15:16'),(161,48,'23:40'),(170,51,'23:35'),(185,43,'2:24'),(195,57,'5:00'),(197,32,'14:45'),(204,13,'10:11'),(242,32,'12:24'),(247,56,'21:21'),(259,15,'22:04'),(264,50,'3:41'),(297,50,'21:34'),(307,38,'9:35'),(331,22,'15:58'),(332,41,'13:05'),(333,55,'7:28'),(334,5,'18:37'),(341,2,'15:32'),(353,41,'5:37'),(359,2,'0:21'),(364,52,'19:19'),(367,13,'18:29'),(384,54,'10:16'),(396,47,'20:28'),(400,23,'9:45'),(428,51,'0:44'),(444,24,'8:23'),(450,12,'8:41'),(461,9,'14:42'),(470,14,'19:29'),(477,34,'6:44'),(481,44,'22:32'),(502,56,'3:45'),(526,11,'10:09'),(565,33,'20:41'),(574,1,'0:14'),(580,32,'13:53'),(581,9,'15:14'),(586,24,'15:43'),(610,49,'3:01'),(627,46,'15:09'),(629,44,'8:08'),(634,4,'9:27'),(639,19,'10:31'),(653,54,'10:06'),(657,29,'23:27'),(663,53,'18:14'),(681,44,'17:01'),(703,55,'15:19'),(710,37,'1:25'),(721,44,'1:40'),(724,31,'20:25'),(741,13,'3:14'),(750,44,'9:56'),(757,1,'6:03'),(760,1,'14:57'),(767,21,'4:42'),(773,47,'20:27'),(793,33,'2:12'),(795,47,'11:48'),(805,27,'20:26'),(817,30,'9:29'),(825,58,'17:37'),(839,35,'16:07'),(859,9,'5:33'),(886,39,'14:03'),(890,36,'10:07'),(896,25,'22:17'),(905,33,'22:56'),(908,52,'18:34'),(915,11,'2:11'),(916,34,'12:22'),(918,8,'16:14'),(929,40,'18:14'),(930,50,'7:43'),(932,38,'23:27'),(934,41,'7:38'),(941,23,'6:51'),(952,24,'4:44'),(953,47,'18:11'),(962,56,'7:42'),(967,17,'18:23'),(980,27,'9:19'),(983,12,'15:22'),(1019,19,'14:11'),(1029,51,'14:55'),(1033,27,'17:47'),(1034,16,'9:36'),(1048,51,'20:56'),(1071,37,'6:12'),(1075,19,'17:03'),(1077,44,'2:50'),(1080,11,'3:45'),(1082,47,'12:57'),(1089,22,'1:01'),(1123,10,'23:37'),(1127,51,'7:54'),(1129,14,'23:49'),(1132,34,'17:23'),(1153,10,'8:17'),(1154,11,'16:46'),(1201,56,'14:57'),(1210,11,'16:25'),(1220,32,'10:04'),(1230,40,'22:57'),(1233,20,'9:19'),(1256,34,'13:06'),(1257,13,'20:49'),(1282,39,'8:03'),(1287,32,'6:42'),(1287,64,'6:00'),(1295,39,'5:54'),(1296,50,'23:57'),(1301,50,'19:30'),(1313,12,'21:41'),(1323,45,'11:57'),(1354,17,'21:16'),(1364,1,'3:56'),(1365,33,'21:34'),(1372,44,'0:14'),(1380,16,'23:55'),(1407,12,'16:07'),(1419,20,'9:02'),(1438,21,'2:05'),(1485,15,'15:51'),(1490,22,'7:18'),(1498,18,'11:26'),(1503,58,'22:39'),(1510,47,'10:15'),(1523,26,'20:12'),(1531,17,'3:02'),(1544,13,'16:28'),(1564,43,'16:20'),(1576,39,'11:08'),(1597,35,'3:36'),(1598,21,'12:35'),(1614,54,'16:16'),(1625,27,'16:30'),(1626,31,'22:00'),(1628,49,'17:24'),(1648,13,'13:45'),(1672,22,'8:58'),(1673,44,'13:26'),(1678,37,'1:27'),(1691,45,'9:37'),(1711,48,'21:57'),(1719,55,'22:17'),(1724,57,'11:29'),(1749,26,'7:21'),(1775,52,'9:06'),(1808,58,'19:08'),(1843,8,'13:37'),(1855,24,'12:14'),(1857,55,'12:14'),(1858,23,'15:41'),(1864,10,'16:41'),(1866,56,'10:00'),(1876,6,'11:50'),(1876,42,'4:34'),(1892,24,'9:33'),(1898,39,'20:27'),(1920,28,'2:51'),(1938,7,'12:54'),(1942,12,'15:35'),(1976,17,'17:38'),(1978,44,'13:31'),(2028,19,'5:47'),(2029,7,'13:44'),(2030,18,'22:14'),(2031,11,'21:49'),(2036,21,'7:13'),(2042,7,'11:10'),(2044,44,'10:01'),(2052,27,'9:44'),(2057,25,'9:10'),(2060,17,'0:24'),(2064,51,'8:10'),(2077,56,'18:44'),(2087,15,'14:08'),(2090,23,'0:35'),(2096,24,'12:11'),(2107,35,'10:33'),(2119,25,'11:37'),(2136,57,'3:52'),(2140,24,'8:31'),(2150,6,'4:57'),(2153,19,'15:00'),(2166,13,'11:10'),(2183,54,'1:41'),(2190,50,'9:44'),(2197,11,'16:56'),(2206,12,'20:07'),(2208,44,'3:52'),(2209,4,'13:52'),(2223,10,'12:10'),(2225,2,'7:04'),(2253,15,'3:31'),(2275,37,'21:33'),(2277,6,'20:58'),(2294,40,'9:16'),(2297,44,'22:51'),(2301,26,'5:24'),(2312,19,'22:51'),(2326,22,'11:09'),(2347,33,'18:10'),(2354,46,'4:12'),(2378,48,'14:09'),(2383,28,'18:03'),(2401,10,'5:48'),(2405,57,'8:28'),(2407,48,'22:22'),(2415,40,'11:41'),(2419,29,'15:52'),(2442,19,'17:42'),(2443,45,'6:43'),(2445,20,'10:18'),(2476,58,'16:52'),(2487,7,'13:03'),(2498,15,'12:19'),(2533,35,'14:31'),(2538,58,'20:11'),(2559,38,'17:27'),(2570,50,'2:29'),(2571,19,'8:05'),(2581,7,'0:47'),(2583,16,'13:39'),(2594,27,'2:17'),(2600,7,'18:03'),(2607,37,'13:47'),(2609,54,'9:22'),(2664,12,'22:07'),(2670,25,'18:12'),(2714,37,'17:14'),(2725,39,'0:55'),(2727,14,'11:55'),(2733,30,'8:51'),(2739,18,'18:10'),(2740,37,'7:57'),(2770,1,'11:14'),(2773,35,'16:02'),(2779,3,'20:29'),(2826,27,'0:23'),(2836,58,'15:08'),(2840,11,'12:20'),(2844,28,'17:29'),(2847,14,'12:56'),(2849,8,'11:00'),(2859,12,'20:53'),(2862,4,'5:03'),(2874,39,'14:27'),(2880,15,'20:17'),(2882,27,'3:32'),(2892,1,'1:32'),(2893,10,'11:41'),(2898,38,'9:44'),(2899,30,'13:58'),(2917,41,'13:49'),(2925,53,'2:25'),(2956,30,'7:08'),(2973,3,'22:00'),(2975,43,'20:13'),(2979,5,'22:17'),(2981,50,'8:26'),(2987,38,'6:48'),(2990,49,'11:50'),(2990,57,'22:28'),(3009,41,'6:17'),(3014,32,'15:22'),(3022,1,'6:50'),(3023,50,'2:52'),(3025,39,'6:00'),(3031,57,'16:31'),(3043,53,'10:36'),(3045,17,'4:04'),(3051,6,'17:29'),(3057,51,'17:06'),(3071,36,'22:03'),(3083,10,'8:53'),(3086,30,'14:04'),(3105,37,'16:38'),(3113,23,'21:25'),(3116,33,'22:19'),(3117,48,'14:43'),(3131,14,'23:33'),(3173,42,'15:01'),(3186,43,'6:39'),(3187,20,'15:43'),(3201,37,'2:45'),(3202,3,'1:47'),(3203,26,'10:42'),(3222,31,'2:00'),(3242,8,'7:49'),(3249,23,'15:15'),(3273,52,'21:54'),(3277,21,'4:14'),(3281,32,'14:57'),(3287,4,'10:59'),(3294,7,'2:40'),(3299,7,'19:53'),(3311,13,'23:33'),(3314,34,'0:32'),(3326,43,'2:00'),(3345,55,'23:46'),(3354,2,'9:14'),(3365,15,'9:53'),(3375,22,'5:14'),(3376,40,'13:33'),(3379,8,'6:30'),(3383,40,'11:29'),(3392,29,'16:40'),(3394,45,'9:55'),(3423,52,'21:58'),(3424,23,'17:17'),(3431,36,'1:19'),(3432,27,'19:10'),(3454,11,'20:59'),(3455,46,'6:53'),(3457,41,'7:17'),(3472,46,'15:22'),(3481,28,'16:12'),(3486,5,'14:38'),(3506,11,'3:42'),(3508,25,'19:09'),(3514,45,'4:53'),(3517,27,'15:37'),(3525,11,'4:08'),(3533,45,'23:42'),(3536,9,'12:59'),(3540,40,'22:26'),(3541,54,'19:15'),(3543,28,'5:52'),(3554,17,'11:14'),(3571,52,'7:16'),(3586,30,'10:00'),(3590,39,'15:59'),(3603,48,'17:00'),(3604,41,'8:59'),(3626,40,'12:04'),(3627,41,'1:11'),(3631,10,'3:14'),(3648,57,'2:17'),(3674,1,'15:14'),(3682,37,'16:32'),(3690,50,'13:48'),(3703,47,'23:58'),(3717,24,'17:12'),(3731,45,'3:05'),(3747,14,'2:35'),(3760,53,'7:33'),(3761,50,'20:53'),(3770,16,'8:44'),(3774,52,'3:42'),(3779,35,'18:31'),(3789,6,'17:35'),(3792,27,'15:12'),(3805,46,'9:03'),(3806,40,'16:55'),(3810,38,'11:34'),(3811,40,'6:39'),(3816,4,'18:56'),(3817,36,'14:39'),(3818,17,'14:23'),(3832,17,'20:30'),(3841,18,'5:29'),(3859,23,'6:20'),(3860,17,'20:33'),(3870,52,'11:29'),(3885,16,'3:20'),(3888,35,'13:22'),(3893,22,'8:11'),(3897,56,'14:09'),(3899,10,'7:27'),(3918,15,'22:49'),(3921,44,'4:24'),(3926,5,'4:47'),(3936,11,'17:21'),(3952,50,'5:41'),(3954,42,'12:24'),(3960,18,'16:54'),(3962,4,'8:23'),(3969,4,'15:11'),(3976,29,'7:10'),(3983,26,'15:37'),(3993,7,'21:41'),(4001,55,'22:14'),(4022,36,'9:31'),(4026,21,'11:45'),(4037,45,'7:00'),(4040,48,'15:35'),(4047,57,'11:09'),(4050,54,'12:38'),(4059,6,'18:48'),(4077,16,'0:25'),(4086,37,'23:34'),(4093,21,'4:28'),(4097,36,'18:52'),(4106,43,'3:57'),(4138,1,'1:47'),(4152,31,'0:01'),(4187,26,'8:50'),(4196,57,'2:26'),(4223,22,'5:58'),(4229,35,'7:12'),(4233,3,'7:13'),(4242,16,'13:55'),(4264,15,'1:02'),(4265,26,'14:15'),(4279,48,'9:31'),(4280,18,'16:37'),(4284,57,'15:35'),(4288,1,'13:49'),(4293,14,'21:17'),(4294,39,'2:30'),(4297,39,'10:45'),(4313,52,'17:53'),(4316,44,'21:16'),(4330,41,'14:40'),(4338,51,'4:30'),(4344,6,'18:56'),(4345,35,'3:46'),(4392,19,'9:49'),(4394,46,'23:14'),(4399,9,'13:44'),(4400,39,'12:57'),(4414,4,'1:58'),(4416,8,'13:29'),(4419,22,'16:42'),(4453,19,'13:46'),(4466,12,'11:43'),(4478,43,'17:14'),(4481,33,'6:50'),(4483,1,'12:37'),(4484,24,'10:23'),(4497,13,'3:26'),(4519,2,'20:29'),(4527,43,'0:14'),(4546,44,'21:21'),(4554,38,'13:07'),(4574,32,'20:58'),(4582,41,'14:59'),(4596,23,'5:22'),(4611,6,'16:36'),(4619,54,'8:35'),(4645,25,'16:12'),(4666,2,'13:14'),(4676,15,'15:34'),(4679,53,'17:08'),(4718,45,'23:16'),(4720,9,'4:46'),(4738,46,'8:28'),(4772,53,'17:51'),(4775,44,'6:28'),(4807,1,'6:38'),(4851,55,'14:52'),(4865,5,'16:31'),(4868,1,'9:56'),(4872,44,'22:13'),(4881,27,'15:36'),(4893,18,'16:51'),(4913,52,'13:53'),(4921,8,'11:17'),(4953,58,'10:31'),(4954,10,'12:06'),(4955,49,'18:27'),(4964,57,'11:59'),(4981,24,'3:39'),(4989,4,'15:19'),(5005,35,'9:31'),(5008,10,'17:55'),(5009,38,'23:34'),(5011,12,'15:07'),(5019,52,'20:41'),(5058,26,'2:03'),(5061,39,'18:20'),(5068,37,'2:42'),(5070,15,'23:37'),(5076,7,'12:51'),(5089,52,'19:17'),(5100,3,'3:11'),(5101,35,'1:20'),(5113,31,'10:49'),(5148,39,'15:00'),(5162,56,'1:35'),(5183,33,'21:52'),(5188,35,'23:45'),(5221,55,'17:24'),(5225,7,'0:54'),(5233,18,'18:39'),(5238,47,'0:03'),(5240,10,'1:49'),(5252,43,'9:56'),(5260,10,'17:26'),(5264,40,'10:12'),(5274,47,'6:18'),(5279,55,'23:49'),(5284,3,'2:36'),(5288,31,'14:29'),(5289,45,'15:05'),(5296,12,'6:12'),(5320,3,'19:54'),(5331,28,'12:12'),(5345,12,'2:47'),(5345,23,'11:50'),(5358,1,'19:12'),(5371,50,'13:37'),(5378,3,'16:18'),(5380,40,'9:12'),(5386,46,'19:16'),(5392,9,'9:59'),(5404,33,'2:22'),(5422,22,'7:37'),(5427,36,'10:53'),(5444,8,'13:49'),(5459,18,'23:34'),(5469,21,'7:13'),(5502,30,'4:47'),(5503,58,'21:02'),(5505,21,'8:37'),(5507,31,'20:42'),(5520,2,'8:03'),(5526,49,'15:48'),(5533,3,'14:27'),(5552,23,'6:13'),(5560,50,'4:41'),(5570,51,'13:03'),(5573,36,'3:39'),(5586,3,'22:11'),(5587,42,'7:34'),(5590,39,'9:54'),(5591,47,'7:15'),(5638,32,'16:03'),(5643,3,'21:57'),(5644,11,'17:55'),(5647,50,'8:44'),(5650,46,'4:44'),(5680,20,'2:53'),(5691,58,'8:40'),(5695,26,'13:55'),(5696,46,'3:52'),(5697,10,'19:17'),(5721,28,'22:57'),(5722,58,'10:17'),(5743,7,'9:27'),(5747,18,'7:40'),(5766,8,'13:46'),(5776,27,'21:09'),(5783,48,'18:18'),(5789,25,'20:32'),(5791,39,'20:19'),(5811,46,'21:45'),(5812,42,'13:05'),(5819,8,'3:52'),(5829,44,'19:12'),(5839,16,'16:48'),(5846,32,'8:20'),(5858,10,'17:04'),(5880,32,'15:09'),(5891,11,'9:20'),(5892,35,'4:57'),(5897,29,'8:49'),(5916,37,'7:23'),(5918,38,'1:34'),(5921,30,'16:01'),(5961,34,'10:11'),(5963,19,'14:18'),(5966,17,'15:31'),(5977,8,'22:22'),(5988,50,'9:07'),(5993,35,'11:37'),(5994,45,'23:28'),(6000,56,'0:00'),(6003,31,'12:36'),(6009,39,'9:49'),(6026,26,'9:05'),(6033,56,'2:19'),(6035,46,'8:03'),(6045,25,'1:38'),(6047,54,'8:51'),(6064,4,'1:02'),(6075,24,'22:53'),(6080,42,'8:13'),(6112,25,'20:22'),(6115,38,'23:49'),(6119,15,'23:16'),(6121,24,'10:56'),(6127,2,'3:23'),(6138,21,'15:13'),(6157,41,'13:39'),(6159,18,'1:09'),(6160,25,'21:31'),(6165,2,'4:26'),(6169,10,'5:41'),(6179,36,'10:32'),(6199,21,'16:20'),(6204,56,'3:53'),(6217,25,'3:54'),(6230,39,'15:43'),(6239,10,'5:24'),(6252,34,'10:24'),(6280,51,'12:38'),(6281,8,'15:42'),(6285,28,'21:15'),(6287,39,'20:39'),(6298,23,'1:41'),(6313,1,'17:06'),(6317,10,'11:58'),(6320,43,'1:13'),(6341,42,'10:30'),(6354,39,'3:17'),(6362,3,'21:59'),(6367,24,'16:32'),(6381,50,'13:29'),(6385,25,'13:52'),(6388,8,'9:42'),(6389,56,'18:21'),(6394,55,'12:25'),(6417,29,'16:12'),(6449,39,'20:23'),(6451,22,'4:35'),(6469,48,'2:00'),(6495,13,'23:01'),(6503,37,'23:26'),(6515,43,'0:12'),(6516,32,'10:27'),(6523,11,'17:44'),(6532,53,'14:00'),(6551,27,'1:12'),(6554,32,'11:43'),(6566,11,'10:19'),(6577,15,'21:03'),(6596,4,'4:48'),(6597,2,'10:14'),(6609,49,'20:10'),(6611,36,'23:21'),(6613,13,'9:21'),(6614,49,'9:41'),(6628,57,'2:24'),(6636,14,'7:34'),(6657,37,'14:27'),(6663,5,'10:30'),(6695,33,'1:53'),(6697,5,'8:28'),(6700,21,'21:27'),(6709,25,'22:30'),(6719,3,'9:41'),(6727,54,'9:38'),(6729,52,'7:30'),(6744,11,'2:49'),(6753,20,'14:14'),(6757,12,'3:33'),(6762,57,'17:36'),(6782,54,'3:20'),(6784,12,'13:36'),(6799,11,'18:09'),(6804,3,'18:03'),(6817,54,'16:46'),(6828,34,'7:59'),(6834,55,'10:40'),(6838,43,'1:05'),(6840,55,'19:48'),(6856,38,'4:59'),(6870,49,'17:46'),(6880,5,'9:00'),(6906,9,'19:56'),(6912,56,'11:54'),(6914,49,'22:40'),(6919,5,'6:11'),(6921,51,'9:55'),(6924,52,'12:15'),(6925,8,'12:53'),(6931,43,'10:42'),(6948,17,'17:33'),(6953,14,'23:48'),(6963,56,'13:01'),(6972,5,'23:16'),(6976,21,'17:00'),(6983,34,'17:11'),(6991,41,'16:23'),(7003,46,'23:09'),(7043,46,'6:40'),(7053,1,'8:08'),(7063,43,'11:39'),(7074,42,'14:42'),(7079,33,'20:41'),(7097,25,'17:07'),(7117,22,'14:13'),(7118,47,'18:57'),(7123,39,'14:00'),(7133,53,'2:40'),(7152,46,'17:29'),(7208,36,'8:39'),(7209,32,'9:18'),(7216,23,'8:13'),(7222,48,'20:59'),(7231,43,'4:00'),(7241,55,'23:49'),(7256,11,'22:20'),(7277,49,'15:09'),(7278,39,'12:05'),(7279,28,'4:47'),(7291,8,'11:19'),(7294,53,'15:12'),(7334,56,'23:42'),(7342,38,'4:24'),(7342,42,'11:50'),(7352,50,'8:22'),(7356,20,'14:24'),(7369,29,'22:51'),(7392,32,'22:53'),(7401,22,'21:40'),(7406,6,'12:09'),(7419,32,'17:30'),(7434,24,'17:48'),(7444,54,'16:10'),(7447,19,'6:46'),(7450,22,'8:44'),(7452,11,'2:10'),(7461,56,'15:03'),(7480,10,'18:07'),(7491,56,'10:46'),(7493,36,'4:47'),(7512,6,'15:58'),(7523,53,'20:09'),(7541,42,'16:31'),(7563,29,'10:40'),(7572,31,'14:33'),(7589,5,'5:00'),(7590,17,'15:54'),(7623,41,'14:08'),(7624,28,'15:00'),(7638,24,'2:53'),(7645,21,'7:20'),(7661,33,'14:59'),(7678,20,'8:48'),(7717,17,'21:55'),(7737,8,'16:31'),(7758,58,'18:53'),(7774,34,'6:29'),(7795,49,'5:48'),(7800,11,'15:38'),(7801,30,'2:35'),(7809,43,'7:31'),(7810,30,'7:57'),(7817,8,'8:20'),(7820,2,'15:34'),(7824,23,'22:37'),(7827,8,'2:10'),(7832,38,'11:41'),(7887,31,'17:26'),(7889,57,'10:10'),(7894,43,'21:06'),(7898,3,'0:29'),(7917,24,'10:21'),(7941,24,'16:21'),(7947,33,'23:35'),(7966,50,'0:21'),(7981,27,'14:26'),(7994,58,'6:14'),(8006,3,'17:26'),(8007,2,'22:16'),(8023,54,'18:09'),(8029,15,'11:44'),(8030,51,'18:22'),(8042,48,'1:04'),(8046,38,'2:49'),(8057,12,'4:15'),(8067,19,'17:41'),(8074,6,'10:26'),(8080,6,'8:39'),(8117,32,'14:20'),(8124,21,'2:59'),(8151,19,'7:10'),(8165,42,'4:45'),(8166,11,'13:11'),(8168,23,'21:38'),(8170,25,'1:38'),(8195,14,'4:53'),(8203,50,'15:18'),(8212,5,'13:12'),(8225,6,'6:01'),(8231,7,'17:37'),(8234,46,'5:08'),(8238,21,'23:33'),(8240,32,'4:34'),(8256,23,'0:59'),(8268,41,'15:31'),(8271,6,'23:53'),(8272,46,'2:37'),(8275,38,'22:20'),(8311,9,'13:44'),(8334,44,'22:34'),(8335,23,'2:07'),(8340,25,'11:59'),(8345,35,'0:48'),(8350,45,'10:35'),(8358,21,'4:52'),(8367,32,'11:00'),(8399,26,'14:11'),(8414,3,'0:56'),(8416,34,'10:49'),(8444,18,'9:39'),(8453,42,'13:35'),(8464,53,'21:21'),(8466,25,'20:43'),(8501,41,'5:05'),(8503,49,'2:40'),(8517,42,'19:33'),(8522,54,'16:50'),(8536,14,'11:13'),(8563,50,'20:51'),(8579,26,'2:21'),(8620,39,'6:29'),(8638,24,'22:20'),(8645,49,'9:15'),(8650,30,'15:29'),(8655,9,'23:26'),(8660,53,'18:51'),(8664,26,'23:50'),(8666,23,'4:09'),(8667,55,'23:24'),(8683,10,'0:58'),(8687,14,'22:14'),(8690,57,'15:36'),(8692,55,'18:11'),(8697,33,'15:11'),(8705,32,'18:52'),(8713,58,'18:31'),(8723,20,'15:29'),(8726,42,'13:01'),(8731,46,'14:55'),(8733,12,'1:11'),(8753,8,'7:54'),(8754,3,'5:40'),(8760,9,'19:58'),(8771,25,'14:56'),(8772,34,'5:23'),(8773,48,'16:14'),(8784,16,'23:48'),(8787,38,'7:31'),(8806,28,'14:14'),(8840,56,'5:29'),(8845,27,'20:17'),(8848,53,'8:05'),(8854,37,'7:46'),(8861,55,'22:14'),(8884,14,'5:10'),(8889,52,'1:02'),(8890,46,'8:17'),(8899,58,'4:42'),(8918,41,'19:19'),(8919,52,'14:10'),(8922,37,'12:38'),(8923,52,'10:44'),(8924,58,'18:45'),(8939,17,'5:06'),(8967,22,'6:17'),(8977,15,'5:10'),(8982,23,'17:41'),(8986,57,'1:59'),(8988,11,'16:51'),(9002,16,'9:34'),(9012,4,'6:43'),(9019,44,'23:27'),(9020,42,'5:23'),(9033,4,'2:15'),(9035,34,'8:51'),(9039,43,'3:38'),(9041,19,'15:07'),(9044,29,'16:01'),(9058,26,'17:38'),(9060,35,'12:57'),(9075,26,'20:55'),(9076,43,'23:38'),(9105,44,'9:53'),(9130,9,'17:42'),(9137,58,'19:03'),(9158,13,'9:04'),(9161,44,'1:45'),(9165,44,'10:47'),(9176,10,'9:38'),(9182,35,'1:36'),(9192,53,'22:37'),(9197,8,'11:53'),(9205,30,'4:45'),(9206,6,'15:15'),(9207,31,'3:16'),(9216,24,'17:25'),(9225,1,'4:32'),(9234,32,'8:08'),(9251,47,'17:11'),(9254,44,'5:16'),(9267,5,'5:04'),(9268,40,'22:23'),(9288,27,'22:30'),(9290,47,'22:46'),(9311,21,'4:43'),(9321,52,'5:49'),(9324,28,'2:46'),(9328,31,'22:43'),(9366,44,'1:42'),(9369,42,'20:20'),(9384,30,'1:23'),(9431,31,'4:24'),(9432,19,'9:31'),(9437,34,'8:49'),(9444,5,'6:51'),(9456,8,'10:24'),(9484,48,'2:31'),(9489,9,'12:06'),(9493,13,'12:51'),(9493,64,'12:51'),(9493,65,'9:00'),(9498,31,'19:12'),(9523,24,'18:43'),(9543,31,'21:26'),(9545,35,'11:01'),(9546,4,'1:02'),(9547,39,'1:45'),(9554,7,'23:17'),(9577,38,'7:16'),(9580,24,'5:44'),(9593,35,'16:13'),(9597,55,'17:32'),(9597,65,'14:00'),(9599,10,'2:33'),(9610,29,'8:03'),(9612,24,'23:43'),(9614,53,'17:12'),(9618,56,'0:52'),(9618,64,'18:00'),(9632,4,'12:26'),(9634,48,'1:52'),(9647,16,'23:38'),(9648,42,'14:31'),(9670,20,'16:10'),(9688,47,'3:33'),(9688,64,'13:00'),(9696,57,'23:00'),(9696,65,'10:00'),(9718,50,'11:04'),(9822,6,'9:23'),(9836,35,'10:00'),(9850,33,'13:01'),(9851,44,'5:30'),(9855,28,'7:29'),(9863,52,'5:23'),(9873,52,'22:52'),(9874,28,'10:42'),(9877,46,'15:50'),(9880,45,'3:01'),(9900,4,'3:44'),(9902,12,'11:22'),(9912,28,'16:02'),(9941,10,'6:48'),(9945,41,'18:52'),(9968,13,'3:39'),(9979,30,'22:26'),(9982,45,'10:42');
/*!40000 ALTER TABLE `now_showing` ENABLE KEYS */;
UNLOCK TABLES;

--
-- Table structure for table `OTT`
--

DROP TABLE IF EXISTS `OTT`;
/*!40101 SET @saved_cs_client     = @@character_set_client */;
/*!50503 SET character_set_client = utf8mb4 */;
CREATE TABLE `OTT` (
  `ott_id` int NOT NULL,
  `ott_platform` varchar(45) NOT NULL,
  PRIMARY KEY (`ott_id`),
  UNIQUE KEY `id_UNIQUE` (`ott_id`)
) ENGINE=InnoDB DEFAULT CHARSET=utf8mb4 COLLATE=utf8mb4_0900_ai_ci;
/*!40101 SET character_set_client = @saved_cs_client */;

--
-- Dumping data for table `OTT`
--

LOCK TABLES `OTT` WRITE;
/*!40000 ALTER TABLE `OTT` DISABLE KEYS */;
INSERT INTO `OTT` VALUES (123,'amazon'),(234,'netflix'),(345,'hotstar'),(456,'disney'),(567,'vudu'),(678,'sling'),(789,'eros now');
/*!40000 ALTER TABLE `OTT` ENABLE KEYS */;
UNLOCK TABLES;

--
-- Table structure for table `theater`
--

DROP TABLE IF EXISTS `theater`;
/*!40101 SET @saved_cs_client     = @@character_set_client */;
/*!50503 SET character_set_client = utf8mb4 */;
CREATE TABLE `theater` (
  `theater_id` int NOT NULL,
  `theater_name` varchar(45) NOT NULL,
  `theater_location` int NOT NULL,
  PRIMARY KEY (`theater_id`)
) ENGINE=InnoDB DEFAULT CHARSET=utf8mb4 COLLATE=utf8mb4_0900_ai_ci;
/*!40101 SET character_set_client = @saved_cs_client */;

--
-- Dumping data for table `theater`
--

LOCK TABLES `theater` WRITE;
/*!40000 ALTER TABLE `theater` DISABLE KEYS */;
INSERT INTO `theater` VALUES (1,'landmark',10001),(2,'cineplex',10002),(3,'galaxy',10003),(4,'fortune',10004),(5,'silvercity',10005),(6,'premier theater',10006),(7,'empire cinemas',10007),(8,'stinson',10008),(9,'cinepolis',20001),(10,'cinemex',20002),(11,'cinetop',20003),(12,'henry cinemas',20004),(13,'pvr',30001),(14,'inox',30002),(15,'carnival cinemas',30003),(16,'spi cinemas',30004),(17,'miraj',30005),(18,'109 cinemas',40001),(19,'aeon cinemas',40002),(20,'t-joy cinemas',40003),(21,'toho cinemas',40004),(22,'united cinemas',40005),(23,'ugc',50001),(24,'utopia',50002),(25,'kinepolis',50003),(26,'cineville',50004),(27,'megarama',50005),(28,'amc',60001),(29,'atlas cinemas',60002),(30,'phoenix theatres',60003),(31,'regal cinemas',60004),(32,'cinemark theatres',60005),(33,'epic theatres',60006),(34,'galaxy theatres',60007),(35,'georgia theatres',60008),(36,'megaplex',60009),(37,'regency',60010),(38,'silver cinemas',60011),(39,'tgv cinemas',70001),(40,'paragon',70002),(41,'superstar',70003),(42,'mega cineplex',70004),(43,'iswaria cineplex',70005),(44,'curzon',80001),(45,'merlin cinemas',80002),(46,'reel cinemas',80003),(47,'s&b cinemas',80004),(48,'showcase',80005),(49,'the light cinema',80006),(50,'cathay',90001),(51,'golden village',90002),(52,'we cinemas',90003),(53,'filmgrade',90004),(54,'cinestar',11001),(55,'uci',11002),(56,'cineplex germany',11003),(57,'kinestar',11004),(58,'apollo',11005),(59,'Noh and kyogen',12001),(60,'Kabuki',12002),(61,'Bunraku',12003),(62,'Kara Juo',12004),(63,'Ko Chi Mi Hall',12005),(64,'symphony',60002),(65,'ziegfeld',60002);
/*!40000 ALTER TABLE `theater` ENABLE KEYS */;
UNLOCK TABLES;

--
-- Table structure for table `ticket`
--

DROP TABLE IF EXISTS `ticket`;
/*!40101 SET @saved_cs_client     = @@character_set_client */;
/*!50503 SET character_set_client = utf8mb4 */;
CREATE TABLE `ticket` (
  `user_ssn` varchar(45) NOT NULL,
  `now_showing_movies_id` int NOT NULL,
  `now_showing_theater_id` int NOT NULL,
  `seat_number` varchar(45) DEFAULT NULL,
  PRIMARY KEY (`user_ssn`,`now_showing_movies_id`,`now_showing_theater_id`)
) ENGINE=InnoDB DEFAULT CHARSET=utf8mb4 COLLATE=utf8mb4_0900_ai_ci;
/*!40101 SET character_set_client = @saved_cs_client */;

--
-- Dumping data for table `ticket`
--

LOCK TABLES `ticket` WRITE;
/*!40000 ALTER TABLE `ticket` DISABLE KEYS */;
INSERT INTO `ticket` VALUES ('100-92-6542',5404,33,'A7'),('102-05-0009',8124,8,'C45'),('102-52-7853',5469,27,'W87'),('105-17-3056',137,55,'C19'),('105-17-3056',2990,49,'U98'),('109-34-7491',2893,34,'o5'),('116-89-9640',6033,42,'o7'),('119-13-1552',7231,53,'E77'),('120-20-8791',3816,14,'W86'),('120-83-1550',6047,5,'t6'),('121-67-0003',2140,26,'n6'),('121-81-2994',1876,6,'h4'),('122-43-6694',8692,23,'T3'),('123-63-1506',7342,42,'M21'),('124-07-8542',3222,11,'R7'),('125-29-0735',3083,52,'D2'),('128-24-2010',8165,21,'E65'),('128-72-9403',2383,9,'d7'),('128-99-5399',6597,52,'U6'),('131-04-6341',5380,1,'Q78'),('131-92-6592',3952,5,'y67'),('132-93-8935',8414,8,'c4'),('133-92-2911',2029,15,'K94'),('133-92-2911',2294,46,'v6'),('136-38-0767',890,34,'T00'),('136-38-0767',9851,6,'m0'),('137-43-7761',5892,58,'T36'),('140-57-6470',3022,32,'D71'),('143-07-5681',3962,7,'c14'),('143-07-5681',5963,51,'X1'),('146-95-1098',2898,46,'M8'),('146-95-1098',5183,57,'J1'),('152-96-4882',795,11,'u6'),('152-96-4882',2225,14,'S3'),('153-46-0724',3954,2,'f57'),('153-46-0724',9251,4,'C60'),('153-91-2487',1866,2,'I01'),('153-91-2487',3554,31,'w59'),('154-75-0168',3365,41,'E2'),('154-75-0168',7563,50,'u68'),('157-54-9199',581,31,'N6'),('157-54-9199',4921,7,'v28'),('158-01-5883',1127,40,'o6'),('158-01-5883',1380,6,'c1'),('158-54-8629',6782,25,'r64'),('158-54-8629',8690,57,'q29'),('160-22-7140',5240,21,'Y9'),('160-66-4044',3899,41,'b7'),('160-66-4044',7523,24,'Y14'),('162-66-6875',137,48,'U2'),('163-42-9640',4881,47,'M8'),('164-65-2722',3311,5,'d7'),('164-65-2722',5058,12,'R9'),('167-70-5117',2892,54,'W9'),('172-21-8865',5722,35,'l27'),('177-76-5108',3432,43,'m95'),('184-83-1731',5811,7,'s03'),('184-83-1731',9384,10,'x5'),('190-23-3399',7645,12,'o57'),('191-11-9042',384,25,'N9'),('191-11-9042',1775,14,'g60'),('191-98-9898',5331,49,'C47'),('191-98-9898',6523,36,'g15'),('193-51-4075',657,23,'T2'),('193-64-1791',4400,18,'g3'),('193-64-1791',7994,28,'O5'),('195-42-5129',6700,18,'L18'),('196-02-6916',332,29,'i87'),('196-02-6916',7444,32,'p0'),('198-76-9493',2153,33,'P2'),('200-59-9805',9328,15,'y1'),('201-27-6281',8731,20,'a74'),('201-27-6281',9648,27,'E5'),('201-63-3136',145,39,'o8'),('201-63-3136',6963,9,'v77'),('202-04-0985',859,3,'Q66'),('202-04-0985',7117,2,'M5'),('202-57-3717',3009,13,'A3'),('202-57-3717',6115,57,'e2'),('203-33-7361',3604,1,'m88'),('205-17-1110',6388,54,'k0'),('207-70-4311',7678,2,'I67'),('207-70-4311',8840,2,'l7'),('209-82-7594',1864,13,'N9'),('209-82-7594',3431,18,'X4'),('216-29-4777',6657,57,'D46'),('216-29-4777',7572,48,'c78'),('218-38-8401',2183,50,'x7'),('220-73-5189',9880,14,'q07'),('221-78-9566',6840,3,'A9'),('224-56-4210',185,20,'i24'),('224-56-4210',1233,23,'s74'),('225-26-5210',2206,5,'M83'),('225-82-9651',2209,4,'k8'),('225-82-9651',6880,46,'u81'),('227-78-5564',4264,21,'R00'),('233-15-3987',3379,19,'s8'),('233-36-4596',5680,27,'z4'),('233-36-4596',9873,35,'H1'),('233-93-7210',6298,42,'H6'),('233-93-7210',9206,11,'z09'),('234-05-4648',3770,36,'j12'),('234-05-4648',4519,25,'X84'),('234-25-8580',980,45,'l0'),('235-50-7835',1201,52,'g52'),('236-26-1761',341,1,'H7'),('236-26-1761',3841,53,'K39'),('239-75-6669',8884,14,'g3'),('243-50-1789',9158,17,'M7'),('243-51-6322',8787,18,'x2'),('243-83-6050',6064,15,'E13'),('243-83-6050',8536,52,'h84'),('244-21-0920',502,56,'C19'),('244-21-0920',5345,23,'u85'),('246-78-2138',2253,50,'b9'),('246-78-2138',7947,4,'I80'),('249-05-1086',4187,31,'E7'),('249-36-7411',5643,55,'n22'),('249-36-7411',7832,33,'Y85'),('252-51-1397',259,27,'X52'),('252-51-1397',3792,23,'s9'),('254-57-2842',8367,10,'e1'),('255-47-1315',1544,54,'M86'),('255-47-1315',3383,39,'H3'),('256-05-6073',6577,20,'B06'),('257-70-4655',6609,43,'k2'),('257-91-2238',2571,44,'E49'),('257-91-2238',6695,27,'O87'),('259-13-9957',5061,31,'u28'),('259-13-9957',8918,56,'V60'),('259-85-3195',3993,33,'X2'),('259-85-3195',8645,10,'g39'),('260-87-193',138,10,'A7'),('260-87-193',428,51,'C19'),('260-87-193',1380,16,'C19'),('261-28-2278',2107,18,'z9'),('261-40-8425',2031,8,'K0'),('261-40-8425',7809,33,'U80'),('263-49-0502',1029,7,'a54'),('263-49-0502',1976,1,'D2'),('263-67-4672',1071,54,'W3'),('263-67-4672',7074,56,'B74'),('263-71-0907',4001,39,'D75'),('263-71-0907',8522,33,'a8'),('266-12-1918',3936,23,'w4'),('266-12-1918',6112,31,'F4'),('266-67-9139',8151,12,'s8'),('267-89-6160',333,35,'R3'),('267-89-6160',4345,49,'n9'),('270-92-1430',2301,53,'N73'),('270-92-1430',9192,9,'o7'),('271-87-7059',916,53,'y2'),('271-87-7059',4738,57,'y28'),('272-14-1330',4720,1,'i4'),('275-59-0690',9288,52,'p5'),('276-73-6899',359,49,'e32'),('277-43-1812',9205,4,'E0'),('279-95-5752',3586,20,'a4'),('279-95-5752',4313,21,'m0'),('282-96-0216',9863,21,'L12'),('287-39-5194',1857,16,'J5'),('287-70-7648',7152,56,'s33'),('295-85-1900',1858,9,'G1'),('295-85-1900',6532,53,'A0'),('296-36-9028',3023,19,'d54'),('296-36-9028',9597,21,'u81'),('298-27-0116',1256,48,'u10'),('299-19-9151',297,34,'e7'),('299-19-9151',6003,41,'R83'),('300-36-9672',23,45,'P8'),('303-35-7211',5526,36,'Q01'),('305-79-2571',307,13,'h2'),('306-02-7039',8697,26,'u90'),('306-02-7039',9610,6,'h5'),('306-05-9112',5386,25,'Q5'),('306-05-9112',9041,5,'Z1'),('308-09-4016',331,51,'O60'),('308-29-9582',3885,41,'c21'),('308-43-5299',1257,30,'C7'),('308-61-231',934,41,'A7'),('308-61-231',9158,13,'C19'),('309-07-1117',8899,23,'d9'),('309-07-1117',9431,35,'W37'),('3111-06-432',88,30,'C19'),('314-10-1088',6367,31,'u2'),('314-10-1088',7118,48,'P63'),('314-69-0373',3281,26,'y61'),('314-69-0373',4229,26,'k4'),('315-21-4962',3976,4,'X15'),('315-21-4962',4050,18,'A9'),('315-26-5392',953,18,'V3'),('315-26-5392',3454,9,'q1'),('316-23-5382',6385,5,'H85'),('322-69-4409',4865,28,'x33'),('325-58-7861',3860,53,'a56'),('327-99-9658',6991,24,'p0'),('327-99-9658',7401,1,'h89'),('329-61-8247',1510,30,'S79'),('329-61-8247',2326,9,'r0'),('330-04-9507',477,39,'g28'),('330-04-9507',5019,12,'m5'),('332-26-9729',9612,49,'e6'),('335-53-7008',9437,16,'Y14'),('336-48-6500',1691,29,'Y13'),('341-95-0003',4554,21,'o98'),('341-95-0003',8579,32,'O7'),('342-08-5108',3969,43,'m45'),('342-08-5108',6697,58,'E3'),('344-93-6738',7392,37,'H38'),('346-13-1426',4582,41,'K67'),('346-13-1426',8240,41,'d96'),('346-32-7546',1372,1,'o47'),('346-32-7546',7800,9,'t49'),('346-69-1855',2670,11,'k4'),('346-69-1855',3817,33,'e83'),('347-40-0053',5011,58,'Z8'),('347-40-0053',5100,27,'D0'),('347-80-6321',6354,50,'J2'),('347-94-1514',428,19,'B98'),('347-94-1514',5839,25,'X9'),('348-12-1677',3294,51,'X5'),('348-12-1677',7589,25,'P6'),('348-58-5717',1034,27,'x39'),('349-75-2390',3859,19,'j1'),('349-75-2390',9696,5,'E65'),('352-63-5172',3014,31,'V33'),('352-63-5172',6119,17,'u9'),('352-75-7523',1749,2,'d06'),('352-75-7523',4265,45,'X70'),('355-36-7932',8212,56,'b76'),('359-22-2635',3345,41,'m05'),('361-15-5625',3043,24,'j5'),('361-15-5625',8660,50,'t26'),('363-02-5004',681,22,'D73'),('363-02-5004',3051,50,'E57'),('364-92-1917',2600,18,'u95'),('366-18-0666',3779,24,'t74'),('366-66-6732',6727,27,'k8'),('367-43-0662',2096,56,'y5'),('369-55-7905',6199,17,'z1'),('369-83-2824',6953,28,'u9'),('369-83-2824',9547,36,'m86'),('371-47-0870',1628,36,'K0'),('371-47-0870',9489,12,'Q55'),('371-77-6518',3086,46,'z6'),('371-77-6518',5747,17,'e22'),('371-78-0156',1626,10,'X1'),('371-78-0156',8664,37,'U73'),('374-53-3583',8982,24,'y17'),('375-90-9753',929,31,'w1'),('375-90-9753',6281,30,'X6'),('377-60-3481',4330,6,'X64'),('377-60-3481',6035,22,'a0'),('378-99-7370',6157,27,'F3'),('379-89-5401',1892,58,'B41'),('379-89-5401',5591,8,'D7'),('382-60-0230',88,20,'i0'),('383-82-8756',4619,47,'z4'),('383-82-8756',7450,34,'q42'),('385-71-6553',3131,56,'G8'),('385-77-8452',767,52,'o3'),('385-77-8452',3299,37,'w3'),('386-04-1917',5113,45,'V85'),('387-63-1130',247,8,'n19'),('387-63-1130',4294,32,'m3'),('389-30-1513',4242,42,'S21'),('391-20-6462',2036,31,'d43'),('391-20-6462',2899,38,'i72'),('391-74-9896',5378,58,'E67'),('391-74-9896',8650,37,'O2'),('392-63-8040',5068,22,'K4'),('392-98-2567',6394,58,'j86'),('392-98-2567',9912,5,'V6'),('394-19-1048',2119,13,'A3'),('394-19-1048',2570,53,'E94'),('394-73-8178',3888,43,'Q8'),('394-85-2741',627,38,'J6'),('396-63-1810',3789,23,'r2'),('397-31-7404',1942,37,'f70'),('397-31-7404',5961,35,'B4'),('398-46-2613',8238,18,'D2'),('403-60-0710',396,35,'K94'),('403-67-2542',6912,35,'Q2'),('403-67-2542',6972,24,'L3'),('406-57-2642',4775,18,'w7'),('406-57-2642',5076,11,'S43'),('412-94-0203',4546,1,'H4'),('413-88-1060',6566,22,'Z46'),('416-95-0099',6906,57,'e8'),('418-54-1803',1938,44,'m1'),('418-54-1803',9044,39,'u97'),('425-50-0198',3354,45,'I2'),('425-50-0198',8683,30,'s0'),('425-60-4540',9012,40,'C0'),('425-60-4540',9267,6,'N09'),('430-89-9862',3926,16,'F0'),('430-89-9862',4953,32,'w15'),('431-82-2080',934,10,'W22'),('431-82-2080',2090,51,'W1'),('432-23-9810',5570,45,'c31'),('432-23-9810',6744,22,'a27'),('432-27-9871',8057,15,'Z2'),('438-62-4269',9688,53,'y7'),('442-11-0212',4233,43,'H69'),('442-28-5407',3277,27,'o1'),('442-28-5407',3457,3,'c4'),('443-19-5180',6636,44,'L4'),('443-19-5180',6924,12,'L93'),('443-24-9824',941,45,'x8'),('443-24-9824',6252,11,'b74'),('444-50-7664',1673,36,'T34'),('444-50-7664',8345,27,'m62'),('445-27-3433',6983,54,'l2'),('448-95-0438',2733,17,'A40'),('448-95-0438',9225,30,'l91'),('449-40-4815',2087,50,'R00'),('450-98-2942',2052,43,'D9'),('450-98-2942',5819,44,'v7'),('453-59-1041',6417,46,'E7'),('453-59-1041',9670,37,'p58'),('454-65-8550',7356,4,'A30'),('454-65-8550',7590,18,'J1'),('454-74-8675',2859,23,'b08'),('455-17-3331',8030,50,'o60'),('455-17-3331',8845,55,'s8'),('456-84-7629',5783,26,'T6'),('456-84-7629',7133,4,'K25'),('456-90-4713',8939,52,'M53'),('456-90-4713',9366,58,'z83'),('463-62-9495',5829,13,'C55'),('463-62-9495',7097,5,'Q6'),('464-51-2377',6611,10,'O7'),('464-51-2377',8922,3,'X7'),('465-30-6648',3201,31,'f4'),('465-30-6648',6719,5,'b9'),('465-79-1064',3921,1,'a52'),('469-11-0478',805,34,'Z2'),('469-11-0478',4399,55,'q7'),('469-16-7082',2208,21,'A23'),('470-70-3141',3481,55,'I30'),('470-70-3141',6159,50,'a69'),('471-09-7118',8195,20,'z2'),('471-09-7118',9176,44,'i39'),('474-72-7753',721,30,'u84'),('476-35-0163',9002,25,'X9'),('476-63-8932',639,52,'P0'),('476-63-8932',3249,34,'G6'),('478-56-3290',2975,48,'Z89'),('478-56-3290',5573,46,'f5'),('478-95-3159',6757,17,'l0'),('480-17-6184',3045,5,'b68'),('480-17-6184',9197,27,'y24'),('481-88-5675',4981,41,'z6'),('482-31-5601',2077,8,'P67'),('482-31-5601',5776,9,'q0'),('483-06-6424',5880,27,'L0'),('483-06-6424',9647,9,'b62'),('484-10-3169',1301,25,'W17'),('484-10-3169',2874,33,'p0'),('486-18-4668',4414,12,'F3'),('486-18-4668',5296,41,'r74'),('487-23-4768',9019,42,'K6'),('488-30-3514',1855,24,'a63'),('488-30-3514',7241,25,'s2'),('496-11-0355',4040,16,'j3'),('496-71-9433',1075,22,'S8'),('496-71-9433',2880,29,'m50'),('500-85-3574',5891,50,'j46'),('500-85-3574',7817,18,'L8'),('501-58-4437',4297,40,'L51'),('501-58-4437',8225,35,'v9'),('505-28-3952',4596,17,'V49'),('505-28-3952',8655,17,'B49'),('506-08-6088',6834,3,'S9'),('506-08-6088',8890,2,'k9'),('509-02-6396',586,57,'L86'),('509-02-6396',4392,50,'X8'),('512-96-3462',1719,8,'d8'),('512-96-3462',6160,41,'P6'),('513-87-4662',3486,47,'G1'),('513-87-4662',7294,10,'O4'),('515-70-7849',1485,40,'G4'),('515-78-0322',5533,42,'M7'),('515-78-0322',9577,58,'a5'),('517-82-3098',5966,23,'M1'),('519-61-9627',264,40,'J8'),('519-61-9627',6138,23,'G41'),('519-94-2980',3571,40,'i0'),('519-94-2980',4989,34,'z54'),('520-48-1129',3105,17,'S59'),('521-68-5172',5812,9,'X52'),('521-68-5172',8271,26,'T19'),('524-05-6254',3682,31,'j75'),('524-05-6254',9484,15,'m81'),('524-97-7226',5502,37,'g5'),('524-97-7226',7406,53,'P72'),('527-62-9290',886,17,'I85'),('529-34-3063',3760,24,'s75'),('529-34-3063',3818,28,'N13'),('530-30-7155',6596,3,'n34'),('530-30-7155',7801,42,'Z8'),('531-90-9302',1648,38,'M1'),('533-56-8437',6870,22,'I3'),('533-56-8437',8256,55,'w35'),('533-66-6131',6856,34,'m13'),('533-66-6131',9968,20,'X4'),('535-10-2932',6503,33,'H55'),('541-33-1542',7452,30,'a0'),('541-50-5970',2136,2,'p5'),('541-74-4364',3897,3,'V8'),('542-41-3447',4807,14,'P86'),('542-56-5500',9836,20,'m63'),('543-37-7528',896,36,'b9'),('543-59-2099',364,39,'O98'),('543-59-2099',1614,14,'l19'),('544-58-8780',3590,6,'I25'),('545-96-2072',8687,46,'E4'),('546-98-4362',3703,50,'N31'),('547-29-4104',8311,15,'C88'),('547-87-7781',610,28,'c5'),('548-16-7906',7222,58,'M1'),('548-22-0025',5238,42,'b4'),('548-57-6693',634,25,'H6'),('549-68-0209',242,15,'y7'),('549-68-0209',4344,56,'c4'),('554-73-6660',8713,54,'c11'),('556-15-4203',3202,32,'T82'),('556-15-4203',6121,8,'w9'),('556-63-3907',4338,21,'n54'),('557-50-8152',2415,38,'O4'),('562-15-6431',1365,12,'t0'),('562-15-6431',5459,3,'D05'),('562-61-5560',3541,33,'x0'),('563-68-4008',4279,7,'T3'),('564-86-6498',2223,43,'C0'),('565-27-6230',3631,16,'U8'),('565-90-9043',2401,6,'c3'),('566-25-4437',8563,29,'a88'),('566-70-6139',932,48,'z4'),('566-70-6139',3648,41,'H3'),('567-94-9309',9718,49,'z21'),('568-90-0644',4419,37,'p5'),('568-90-0644',9311,54,'v45'),('570-64-0104',3517,52,'R10'),('570-64-0104',9033,8,'G76'),('571-35-2019',629,48,'A6'),('571-80-0949',5766,40,'w73'),('572-05-1519',4138,49,'A61'),('572-05-1519',5977,13,'s26'),('572-76-4592',6204,38,'Q5'),('573-64-2031',8733,34,'d4'),('573-87-9899',8620,16,'Y54'),('574-06-5728',5089,29,'T9'),('574-06-5728',9456,27,'l01'),('576-17-2985',4097,16,'g41'),('576-94-2102',7043,20,'P49'),('576-94-2102',7419,23,'z9'),('580-16-9337',461,18,'f74'),('580-16-9337',9105,30,'l07'),('581-72-5753',3717,41,'V90'),('581-72-5753',9369,15,'l3'),('581-95-6401',6362,48,'j60'),('582-91-9531',1625,56,'r2'),('585-01-1908',5789,20,'z2'),('585-51-3669',4106,19,'l52'),('586-30-1922',9216,23,'l21'),('586-58-0852',82,56,'S6'),('587-37-2587',7334,16,'x3'),('589-71-2144',1724,30,'L6'),('589-71-2144',8170,55,'f5'),('590-51-1549',703,47,'l0'),('590-51-1549',5358,52,'i90'),('593-08-4194',7256,42,'n98'),('593-69-2868',4478,19,'U1'),('597-07-0575',5009,5,'r7'),('597-22-6835',773,14,'R6'),('598-73-7813',3025,2,'n5'),('598-73-7813',5858,7,'D4'),('599-60-3387',2979,10,'X78'),('600-17-3529',2498,7,'B13'),('600-17-3529',8854,56,'H9'),('601-38-2241',4416,3,'e52'),('601-38-2241',9874,45,'O4'),('602-73-2359',4466,19,'D50'),('602-73-9754',2844,11,'M84'),('602-73-9754',6080,13,'J52'),('605-74-3948',7291,54,'w3'),('606-31-3022',5284,3,'b88'),('606-50-6048',724,45,'R4'),('606-50-6048',2826,57,'G0'),('608-75-4022',2739,47,'D96'),('608-90-8459',5697,13,'U3'),('608-90-8459',7638,15,'U9'),('610-14-9959',470,23,'B49'),('610-14-9959',825,45,'t00'),('610-92-9477',3774,13,'E31'),('610-92-9477',9618,55,'m89'),('611-92-3622',1598,39,'k6'),('612-08-4989',8416,40,'y08'),('612-89-8870',3514,38,'i4'),('612-89-8870',9634,24,'d9'),('613-20-5379',9075,28,'m57'),('613-20-5379',9900,47,'b75'),('613-51-5650',2849,57,'x9'),('613-51-5650',7079,4,'F30'),('618-99-9220',7278,38,'U03'),('619-25-2780',1523,30,'i5'),('619-25-2780',8453,7,'B8'),('619-38-8194',9979,36,'t01'),('620-71-1652',481,32,'j80'),('622-07-5336',4679,51,'V08'),('622-80-3061',9523,3,'o2'),('623-87-4268',915,43,'k6'),('623-97-9468',4955,32,'Q61'),('627-96-0694',3805,22,'O6'),('628-63-7310',2581,22,'T10'),('629-65-2212',3674,50,'v97'),('632-77-2502',5520,22,'O8'),('634-14-2016',2981,7,'G90'),('634-18-5429',1019,47,'O39'),('634-85-1072',3627,16,'R62'),('635-34-6531',3747,24,'i44'),('635-34-6531',4676,11,'G95'),('637-01-3431',1419,19,'D9'),('637-39-4650',3832,20,'X33'),('638-02-8163',8723,4,'u27'),('638-19-8305',2197,35,'j71'),('638-19-8305',9207,53,'v34'),('638-21-0753',2714,48,'d2'),('638-21-0753',6948,38,'L14'),('638-50-6405',7820,6,'c9'),('639-13-5590',7493,43,'E35'),('639-13-5590',9902,51,'d49'),('639-38-0027',6614,12,'P8'),('639-43-5481',5427,48,'j5'),('639-75-3235',8117,7,'p7'),('639-93-3113',4288,24,'E0'),('640-34-6830',2607,31,'f84'),('640-99-9930',7053,54,'a80'),('641-31-3305',5252,2,'d10'),('643-32-2570',8042,10,'J28'),('643-32-2570',8638,14,'K3'),('643-89-9027',8046,15,'Y62'),('645-67-4915',5260,45,'p25'),('646-84-7171',7209,30,'M8'),('646-88-6893',8967,45,'o4'),('647-48-4164',353,11,'T90'),('649-39-9519',1364,29,'X1'),('651-33-8369',9855,19,'G4'),('654-09-3546',204,2,'d61'),('654-09-3546',5162,49,'j6'),('654-21-0255',760,28,'o15'),('654-21-0255',1438,43,'l52'),('654-31-7186',4483,50,'X75'),('655-10-7658',1843,7,'J20'),('655-72-1588',3326,29,'E4'),('655-72-1588',3455,37,'N83'),('656-72-9433',5221,20,'Z3'),('656-72-9433',9324,17,'S32'),('656-84-1556',9035,32,'n8'),('656-90-2826',757,12,'p6'),('657-55-1040',6914,28,'Q22'),('657-55-1040',9268,21,'M8'),('658-02-8977',1123,51,'e82'),('658-56-8643',4772,34,'k6'),('658-56-8643',6784,5,'Z3'),('659-09-6221',6515,50,'A7'),('659-21-4534',1230,34,'w04'),('659-21-4534',7827,23,'e0'),('659-65-5332',9945,7,'z2'),('661-11-1474',7624,58,'X6'),('661-20-3778',710,14,'M4'),('661-20-3778',2925,52,'X84'),('661-60-0334',5791,31,'X99'),('662-13-6311',5638,29,'J3'),('664-11-9940',2060,28,'L80'),('664-16-8903',5288,40,'M73'),('664-23-3743',8666,57,'X79'),('664-41-2211',5647,57,'W9'),('664-52-7554',7461,25,'X3'),('665-53-9401',4893,37,'K4'),('665-62-3756',2312,33,'A34'),('665-62-3756',6285,13,'j0'),('665-71-5681',4851,26,'K32'),('665-85-8472',1564,17,'t15'),('665-97-5341',1210,11,'v1'),('665-97-5341',4026,46,'P72'),('667-10-4464',9,47,'n1'),('667-10-4464',3392,44,'P72'),('667-58-9163',5552,56,'l0'),('667-58-9163',9546,29,'t0'),('668-22-2348',8784,1,'L87'),('668-38-5839',3690,35,'P14'),('669-57-5263',4152,44,'Y0'),('670-09-1292',2987,13,'u57'),('670-58-8041',6000,46,'j8'),('670-88-0811',3603,22,'d6'),('671-22-1323',839,39,'Z0'),('671-22-1323',3811,6,'R7'),('672-21-4883',9290,37,'a75'),('672-30-7232',3536,43,'u36'),('672-30-7232',9165,25,'v03'),('673-25-4731',2862,27,'p4'),('674-02-9654',6709,42,'W77'),('674-02-9654',8848,39,'R35'),('674-05-2224',1077,41,'g7'),('674-05-2224',1287,2,'M27'),('674-20-4174',9137,29,'J2'),('674-57-5782',4645,47,'G62'),('674-57-5782',5993,42,'J0'),('674-58-6152',7661,29,'Q20'),('674-95-8073',2443,57,'G50'),('676-67-4219',2779,37,'s4'),('677-09-0317',8272,25,'p5'),('677-14-5746',750,22,'R7'),('677-14-5746',2583,43,'P9'),('677-55-9890',6239,46,'H2'),('679-02-5525',4196,25,'c9'),('680-01-3827',3918,49,'W90'),('681-97-2103',7623,40,'I79'),('681-97-2103',8667,4,'P4'),('682-46-1573',2190,54,'f62'),('682-85-8332',7352,13,'u1'),('683-80-8833',1295,55,'q98'),('685-42-3829',2419,16,'z80'),('685-52-2650',502,8,'p9'),('687-65-2544',1407,22,'i08'),('687-65-2544',2275,7,'C2'),('688-35-8497',3375,19,'r39'),('688-35-8497',5005,4,'u17'),('688-83-1005',2882,6,'W82'),('689-30-8791',4086,42,'A15'),('690-56-9091',5070,1,'O1'),('690-56-9091',8358,45,'f5'),('692-01-7351',5590,21,'I4'),('692-58-2528',5188,58,'N86'),('692-96-2406',5721,53,'p94'),('695-07-3893',8503,14,'i6'),('695-34-6854',5650,13,'a5'),('696-67-1988',147,31,'T93'),('697-94-3723',793,42,'u85'),('697-94-3723',1282,39,'V62'),('698-72-3936',5695,35,'K05'),('698-72-3936',8753,11,'Z07'),('699-36-5873',3424,46,'A48'),('703-75-5883',9877,24,'M7'),('704-78-3399',6495,18,'Y03'),('704-78-3399',8924,55,'x6'),('704-89-5010',9060,36,'P8'),('705-69-4798',1220,7,'l85'),('705-69-4798',7795,17,'W87'),('706-13-9823',7774,44,'v5'),('706-13-9823',8919,53,'K1'),('706-60-2288',4666,9,'R5'),('706-60-2288',6026,24,'l8'),('706-92-8339',3806,6,'I0'),('709-50-6232',170,38,'B0'),('710-20-2922',2150,32,'d0'),('710-20-2922',3031,22,'t7'),('710-50-5884',2609,9,'r81'),('711-65-0952',565,4,'y08'),('715-20-5700',8806,42,'y7'),('715-64-4214',5289,54,'b85'),('715-73-6521',4964,32,'L6'),('716-20-1917',7824,11,'A90'),('716-35-5437',3057,7,'l99'),('716-40-3242',1978,7,'i0'),('716-40-3242',2405,10,'K37'),('716-40-8172',4093,19,'S5'),('717-16-4727',1296,55,'Y39'),('717-16-4727',3731,38,'T21'),('718-39-0077',5101,12,'L4'),('718-39-0077',8399,3,'p2'),('719-24-2915',334,49,'d3'),('719-24-2915',5696,10,'V04'),('719-63-9321',2487,3,'i9'),('719-63-9321',6449,2,'e7'),('720-12-8390',9493,49,'k16'),('720-40-2988',8988,51,'E0'),('720-87-1045',1089,6,'M80'),('721-72-5181',5233,48,'f6'),('724-37-1786',5507,34,'O4'),('724-38-5714',6554,28,'n5'),('724-81-9359',8067,36,'z1'),('725-07-6412',9039,10,'X21'),('727-46-6053',5264,45,'i9'),('727-46-6053',8517,46,'b4'),('728-78-5035',9076,51,'j61'),('730-29-7651',1323,24,'h8'),('730-37-1763',195,21,'f84'),('730-83-3228',8231,9,'d1'),('732-37-8464',6009,38,'X12'),('733-69-5174',1129,46,'K0'),('733-69-5174',4527,44,'n3'),('735-21-0906',2773,31,'f1'),('736-12-5261',1597,11,'P83'),('738-83-8146',3173,26,'k1'),('739-43-1607',8444,16,'a2'),('740-68-2619',3423,43,'W99'),('740-68-2619',6230,44,'B65'),('740-85-3077',2740,51,'p9'),('740-86-7826',7541,31,'J42'),('741-25-4799',908,44,'G91'),('741-25-4799',6828,37,'R5'),('741-31-4746',3533,3,'Z51'),('742-01-0331',7894,7,'S28'),('742-59-6200',1354,56,'u2'),('742-59-6200',2166,25,'a4'),('742-76-4470',5988,21,'y72'),('743-20-8892',6838,39,'E06'),('743-20-8892',6931,11,'X5'),('744-64-3464',7758,39,'Z46'),('744-84-7495',4484,47,'p2'),('744-84-7495',9321,33,'P12'),('745-22-2282',4954,38,'H16'),('745-22-2282',8464,49,'b5'),('746-59-2308',7512,29,'y70'),('746-59-2308',8350,30,'J8'),('747-66-5740',8754,12,'O84'),('747-88-1850',4872,28,'F72'),('749-15-9577',5918,8,'h92'),('749-39-6214',526,28,'H61'),('749-39-6214',6921,30,'N08'),('749-46-3322',6169,54,'g4'),('749-46-3322',6313,52,'U6'),('749-71-6941',1531,4,'I0'),('750-04-0379',1082,55,'A27'),('752-44-9875',5586,22,'T1'),('752-44-9875',9599,23,'B4'),('752-57-7075',2064,39,'c3'),('753-63-3990',9058,23,'w3'),('753-63-3990',9498,1,'R14'),('755-78-8578',6799,15,'k87'),('756-28-7544',1678,8,'i2'),('756-64-3188',8501,35,'C70'),('756-84-2388',6551,51,'a67'),('758-11-3637',5644,1,'z48'),('758-11-5346',4316,5,'e1'),('758-16-1888',3540,36,'Y84'),('758-31-7104',5371,1,'b94'),('758-73-2408',3187,55,'P5'),('758-73-2408',6925,41,'m98'),('758-81-2394',9543,34,'H1'),('759-49-4612',6389,44,'a9'),('759-49-4612',6804,42,'z23'),('759-83-7437',6976,51,'l89'),('760-35-3074',7966,40,'a4'),('760-35-3074',9182,13,'t56'),('760-62-2521',8771,44,'I8'),('761-63-9994',9941,26,'Z79'),('763-16-9244',8334,37,'z5'),('763-21-3528',2378,27,'G5'),('763-24-7499',400,40,'e2'),('763-24-7499',8466,29,'T0'),('763-68-2349',4611,20,'J7'),('763-68-2349',5008,16,'J2'),('763-92-8321',7889,46,'t76'),('764-07-7817',9254,13,'O3'),('765-54-9505',3117,29,'c02'),('765-55-1978',3960,29,'P21'),('765-87-6323',905,41,'F4'),('767-72-9366',4293,35,'x1'),('768-75-8125',7810,10,'i5'),('769-07-9679',1503,55,'o0'),('769-11-0459',4022,8,'c50'),('769-11-0459',7887,35,'b8'),('769-32-6262',3113,20,'T9'),('769-65-7919',7003,46,'W3'),('769-97-9989',6280,28,'h77'),('770-37-2257',2956,8,'U6'),('770-86-2421',7369,11,'A19'),('771-31-0635',6613,55,'t0'),('771-87-9878',8166,8,'Z58'),('772-12-9662',6451,11,'s8'),('772-12-9662',8977,9,'B7'),('773-60-3523',7717,24,'y4'),('773-60-3523',8760,43,'D63'),('774-73-1504',3506,27,'N27'),('775-56-5812',962,21,'a7'),('775-56-5812',7216,35,'z1'),('775-88-5719',9554,39,'p1'),('775-96-0988',4868,9,'r91'),('775-96-0988',5148,36,'p3'),('776-04-4443',3810,2,'X88'),('776-25-3906',17,19,'g4'),('776-45-3989',5320,19,'D92'),('776-45-3989',6075,20,'s7'),('776-45-5111',6628,32,'V48'),('778-33-2949',2725,53,'l6'),('778-33-2949',8772,26,'S3'),('779-08-0705',2594,3,'j44'),('779-69-7608',9234,48,'L33'),('780-30-2985',444,56,'Y68'),('780-60-3229',3394,14,'O3'),('780-60-3229',8705,33,'f1'),('780-78-6647',2042,17,'B42'),('780-78-6647',5743,26,'P3'),('781-80-3493',3071,51,'D3'),('781-91-0044',6317,4,'b1'),('782-20-6908',3983,48,'b53'),('782-20-6908',7737,10,'C80'),('784-37-5278',2347,47,'S14'),('784-47-9973',817,37,'J3'),('786-02-3495',5392,40,'v84'),('786-41-1262',8340,48,'E1'),('786-45-3381',952,49,'J95'),('786-45-3381',2727,28,'r2'),('786-59-2890',7917,15,'W2'),('786-59-2890',8275,16,'W6'),('787-17-3615',3273,47,'H5'),('787-17-3615',5505,12,'q8'),('787-85-7356',9020,47,'W8'),('788-67-5271',6341,3,'d01'),('788-91-2943',7898,51,'k9'),('789-99-9308',4913,32,'g2'),('789-99-9308',5921,45,'A32'),('790-63-6211',5444,57,'B0'),('790-63-6211',6753,36,'M6'),('791-61-9653',8923,1,'V0'),('791-61-9653',9850,55,'y37'),('794-62-4104',1153,44,'z9'),('795-37-3061',663,6,'p61'),('797-71-1452',3525,53,'W7'),('797-83-7657',5503,56,'C7'),('798-44-7770',9822,32,'z5'),('799-34-5306',1898,57,'F54'),('799-34-5306',3761,4,'N5'),('799-93-2441',6729,19,'c0'),('799-93-2441',8203,12,'q7'),('800-09-0807',2476,58,'K3'),('800-09-0807',7447,15,'g13'),('801-59-9003',930,15,'w5'),('801-59-9003',4059,19,'Y77'),('801-65-8252',5422,56,'V80'),('801-65-8252',5587,24,'v63'),('802-40-7217',2030,49,'r32'),('802-40-7217',5994,38,'e8'),('804-03-5594',2836,25,'U3'),('804-71-7074',2442,35,'U0'),('805-47-8601',3893,28,'C94'),('805-77-0766',5274,39,'a77'),('806-45-9127',2840,6,'D61'),('806-91-6804',6919,55,'A01'),('808-51-3166',4280,6,'D55'),('808-74-6255',2057,39,'C30'),('809-31-3551',138,34,'A26'),('809-57-8477',983,30,'d2'),('809-57-8477',4037,18,'g6'),('812-03-5066',6663,38,'T0'),('812-22-3754',3203,49,'G74'),('813-65-9140',9161,37,'f8'),('815-05-7188',8080,14,'Z71'),('815-36-2289',574,9,'T5'),('817-66-8043',7941,57,'Q6'),('817-80-1050',450,40,'t74'),('817-80-1050',7981,19,'J9'),('822-27-9938',3472,52,'V09'),('822-27-9938',6762,50,'b25'),('822-64-6972',4284,53,'u2'),('823-86-3926',2770,4,'Z2'),('825-68-5925',4394,21,'J58'),('825-68-5925',5897,26,'n72'),('827-40-8085',967,21,'M77'),('827-94-5495',5225,52,'e5'),('827-94-5495',8007,58,'A13'),('828-62-3115',8006,40,'p14'),('828-62-3115',8335,18,'T2'),('829-46-6160',3508,29,'w97'),('830-19-5426',9545,34,'U6'),('830-19-5426',9580,44,'S1'),('830-45-6563',1498,45,'K43'),('830-54-2590',1080,2,'z8'),('833-46-1914',2847,54,'b60'),('833-57-6545',4497,40,'G49'),('833-71-8249',9632,32,'b77'),('833-75-7788',2973,1,'W21'),('833-75-7788',6320,6,'s1'),('834-23-4066',2445,8,'Z92'),('834-98-8895',161,51,'R3'),('835-82-3196',2533,32,'l0'),('836-05-7140',6217,54,'p09'),('836-27-2269',8029,36,'t6'),('837-04-7526',1490,2,'Y7'),('837-04-7526',4077,30,'K2'),('837-29-4862',4718,11,'m80'),('839-09-6243',1132,46,'A82'),('844-25-7653',7491,48,'J1'),('845-80-4345',3314,26,'C06'),('846-33-0970',3242,22,'L1'),('847-58-6019',7123,16,'a3'),('847-58-6019',9614,52,'s89'),('847-99-3128',3626,14,'y92'),('847-99-3128',9982,28,'j5'),('848-32-4451',2917,52,'W38'),('848-49-0825',2277,30,'X9'),('849-48-6166',3287,15,'u2'),('849-48-6166',3376,12,'b1'),('849-56-2717',3543,54,'V38'),('851-84-4561',1672,10,'f81'),('851-94-3603',8986,1,'W97'),('851-99-6694',6179,33,'b9'),('851-99-6694',8726,10,'p9'),('852-16-1482',653,2,'v7'),('852-16-1482',8168,18,'E75'),('852-80-5042',8773,16,'f45'),('854-57-2350',6287,12,'N48'),('855-10-3732',741,5,'P92'),('855-99-7128',5916,51,'A52'),('855-99-7128',8234,16,'N5'),('857-05-1071',1154,34,'X23'),('859-79-7934',2028,17,'X01'),('860-02-3458',1048,38,'o9'),('860-33-9826',580,20,'c2'),('860-86-5694',4047,58,'Q76'),('860-94-3606',7279,5,'a3'),('862-92-1097',4574,8,'c24'),('862-92-1097',6165,36,'n62'),('863-04-8193',6516,36,'C1'),('863-04-8193',8074,38,'b9'),('864-11-7098',1033,49,'B6'),('864-11-7098',6469,21,'u7'),('864-85-1132',4481,14,'f87'),('865-81-7922',7480,26,'y05'),('867-92-6185',2407,12,'F66'),('867-92-6185',3870,20,'L7'),('869-75-2115',5279,41,'C61'),('871-12-9598',7434,44,'F90'),('871-91-1067',6817,10,'c92'),('873-72-2857',8023,5,'H63'),('873-72-2857',9130,4,'N6'),('875-73-5309',1576,53,'O77'),('876-59-1975',9432,15,'u21'),('876-69-9800',1711,47,'n47'),('876-69-9800',1920,48,'Y05'),('877-92-6146',1313,17,'V0'),('879-12-5802',5691,47,'G9'),('879-68-0888',2664,15,'A1'),('880-14-9313',3186,54,'K1'),('880-14-9313',6045,13,'H1'),('884-71-5675',918,3,'a84'),('886-13-3493',2354,43,'t6'),('886-13-3493',8861,24,'F8'),('886-88-2058',3116,47,'p0'),('888-09-8805',4223,14,'c1'),('888-09-8805',4453,43,'p35'),('889-04-0534',9444,14,'f62'),('890-28-1977',367,56,'X70'),('890-38-4531',7208,57,'d71'),('890-78-3790',7063,58,'N18'),('890-78-3790',8889,22,'a2'),('891-34-9787',8268,9,'M7'),('892-63-5099',7277,13,'G77'),('893-56-7981',2297,19,'J26'),('893-62-8569',5560,33,'z35'),('893-62-9869',6127,25,'G3'),('895-54-8286',9593,33,'M23'),('895-82-1991',5846,17,'E32'),('895-82-1991',6381,42,'d73'),('895-90-8011',2044,26,'e9'),('896-92-6689',2559,58,'t4'),('897-85-2539',197,26,'Q0'),('897-85-2539',2538,16,'g23'),('899-41-0785',1808,26,'b45');
/*!40000 ALTER TABLE `ticket` ENABLE KEYS */;
UNLOCK TABLES;

--
-- Table structure for table `user`
--

DROP TABLE IF EXISTS `user`;
/*!40101 SET @saved_cs_client     = @@character_set_client */;
/*!50503 SET character_set_client = utf8mb4 */;
CREATE TABLE `user` (
  `user_ssn` varchar(45) NOT NULL,
  `user_name` varchar(45) NOT NULL,
  `user_email` varchar(45) NOT NULL,
  `user_phone` varchar(45) NOT NULL,
  `user_age` int NOT NULL,
  PRIMARY KEY (`user_ssn`),
  UNIQUE KEY `ssn_UNIQUE` (`user_ssn`)
) ENGINE=InnoDB DEFAULT CHARSET=utf8mb4 COLLATE=utf8mb4_0900_ai_ci;
/*!40101 SET character_set_client = @saved_cs_client */;

--
-- Dumping data for table `user`
--

LOCK TABLES `user` WRITE;
/*!40000 ALTER TABLE `user` DISABLE KEYS */;
INSERT INTO `user` VALUES ('100-38-2334','Kameko Fragino','kfragino19@dyndns.org','8492511124',59),('100-92-6542','Dalston Tampin','dtampinlu@cisco.com','5422609826',25),('102-05-0009','Ansell Santen','asanten89@devhub.com','5622703076',49),('102-34-2550','Marylynne Labell','mlabellc7@linkedin.com','6309776058',67),('102-36-2159','Sybille Bolgar','sbolgarea@examiner.com','2952560045',90),('102-52-7853','Merl Crudge','mcrudgeow@cbslocal.com','8315909240',50),('103-42-4834','Cull Solman','csolmaniz@ibm.com','4837864526',76),('105-17-3056','Henka Eastup','heastuphg@nature.com','1406248519',33),('105-22-8267','Rochette Whittington','rwhittingtonqy@prnewswire.com','3111583899',35),('108-12-0756','Conant Hanbury-Brown','chanburybrowna@ucoz.ru','1099441518',74),('108-49-5531','Gabie Foynes','gfoynesjf@4shared.com','2207630653',68),('109-34-7491','Rosaline Ruzek','rruzek5r@pen.io','8682126853',19),('110-29-0583','Alys Carah','acarahcx@dailymail.co.uk','3326720560',85),('113-85-2683','Mead Buchanan','mbuchananpj@furl.net','4558720574',70),('114-92-8852','Ivett Bassingham','ibassinghamk6@reverbnation.com','4129211519',93),('115-15-8062','Torry Ivanishchev','tivanishchevm1@istockphoto.com','1779426361',56),('116-80-1967','Ninette Thirsk','nthirskeg@hp.com','4348209676',100),('116-89-9640','Winnie Caskey','wcaskeyiv@w3.org','5588299160',33),('118-43-3494','Alayne Boynton','aboynton2q@bloglines.com','2655036505',61),('119-13-1552','Hayden Heber','hheberec@wordpress.org','9018888941',7),('120-20-8791','Linzy Mabbutt','lmabbuttbn@ed.gov','8383149545',48),('120-83-1550','Hester Berzon','hberzonmo@hostgator.com','8825373800',20),('121-09-9200','Ag Percy','apercy3j@slate.com','2696881872',56),('121-67-0003','Elysia Ivashchenko','eivashchenko2b@yellowbook.com','2837135868',21),('121-81-2994','Randell Gaskell','rgaskellmp@cnn.com','5275360622',34),('122-43-6694','Imelda Haggata','ihaggataf4@webeden.co.uk','1432633314',7),('123-63-1506','Melamie Clayson','mclaysonpb@flavors.me','7846026517',30),('124-07-8542','Boothe Drew','bdrewd6@mozilla.com','9169033245',31),('124-90-4476','Inez Pietsma','ipietsma7e@tripadvisor.com','6884383068',65),('125-29-0735','Arvin Cornes','acornes69@constantcontact.com','7029699674',30),('126-52-2277','Rubina Wrankling','rwrankling50@ovh.net','9857179013',56),('127-81-4485','Kendricks Poynton','kpoyntonoj@friendfeed.com','8962323460',90),('128-01-7634','Rachele Hallex','rhallex5t@sina.com.cn','5778704018',81),('128-24-2010','Laurent Crisford','lcrisford3s@sakura.ne.jp','3979624991',34),('128-72-9403','Merola Marcroft','mmarcroftd4@bloomberg.com','2156411057',28),('128-99-5399','Karlis Benck','kbenckpl@unicef.org','7827855121',36),('129-71-1194','Shandy Tummond','stummondlf@tripadvisor.com','6128664575',93),('130-71-2255','Carmela Canny','ccannync@goodreads.com','7606574341',61),('131-04-6341','Madella Hubberstey','mhubbersteyky@latimes.com','7035378799',26),('131-92-6592','Vonny Widdowson','vwiddowsonem@acquirethisname.com','6298923216',46),('132-45-9856','Corbie Poulsom','cpoulsomig@posterous.com','6027575889',51),('132-93-8935','Jon Pattlel','jpattlelod@alibaba.com','6528520498',16),('133-92-2911','Joelly Dowsey','jdowseybo@bloomberg.com','4806522531',24),('134-12-1995','Felecia Redhole','fredhole8a@xinhuanet.com','5032616610',72),('135-29-8767','Beilul Folbigg','bfolbiggpu@soundcloud.com','8939728599',89),('136-38-0767','Tessy Earley','tearley6l@networksolutions.com','7874677475',30),('136-71-6032','Edna Wilshin','ewilshinc@vistaprint.com','2548141288',79),('137-43-7761','Cliff Castaignet','ccastaignet37@cisco.com','5535849626',7),('138-37-6802','Lion Engelbrecht','lengelbrechtej@moonfruit.com','7701874285',95),('139-18-4899','Jermain Blemings','jblemingsmw@over-blog.com','4516722054',55),('139-35-0624','Sascha Davidesco','sdavidescoja@canalblog.com','6433436631',87),('140-01-6027','Cati Dracey','cdraceyf1@51.la','8053690316',73),('140-57-6470','Lindie Lehrer','llehrerdr@utexas.edu','2492570844',3),('141-53-3770','Yankee Goundry','ygoundrymn@arstechnica.com','8796887992',94),('143-02-9139','Val Drees','vdrees5e@europa.eu','6261135079',63),('143-07-5681','Graehme MacCrossan','gmaccrossaneo@freewebs.com','4906808995',34),('143-37-5680','Ann Manuele','amanuele2c@goodreads.com','2211465051',77),('145-07-2749','Cherice Wakley','cwakley8c@weebly.com','2251870400',86),('145-50-9397','Lewes Tyers','ltyers7f@google.ru','7466501611',97),('146-95-1098','Steven Checketts','schecketts9m@stanford.edu','2715790454',30),('149-76-5124','Magda Clemson','mclemsonks@devhub.com','2382194385',54),('150-91-5544','Alysa Simko','asimko20@posterous.com','4841502365',80),('152-96-4882','Darlleen Enrdigo','denrdigo8f@examiner.com','8604152335',38),('153-17-9051','Alberto Driussi','adriussij3@nps.gov','7801300376',51),('153-46-0724','Shel Peerless','speerlesshr@dot.gov','9433422713',38),('153-91-2487','Rutledge MacCook','rmaccookdq@reddit.com','1256821561',37),('154-54-9457','Tobe Sommerville','tsommerville42@admin.ch','9687993762',68),('154-75-0168','Tate Turone','tturonem2@fema.gov','1735887293',32),('156-37-1332','Alfy Caulliere','acaullierec6@ehow.com','9909395896',53),('157-09-1344','Oliviero Olivella','oolivellam@disqus.com','9387601858',69),('157-40-0531','Karly Plumbridge','kplumbridge12@tumblr.com','3863525683',86),('157-54-9199','Glendon Whistlecraft','gwhistlecraftmq@ustream.tv','4632177097',25),('157-89-9468','Betteanne Haggish','bhaggishix@com.com','3569452027',62),('158-01-5883','Carlen Heakins','cheakinspx@dot.gov','1483088206',35),('158-19-4462','Harrison Print','hprint8w@bbc.co.uk','6572908208',90),('158-54-8629','Carolynn Fealty','cfealtyo@google.cn','2091700557',47),('158-90-5673','Emmie Liles','elilesds@china.com.cn','3572458664',64),('159-59-2345','Egor Boswell','eboswellng@pinterest.com','7805393420',79),('160-22-7140','Cammy Helis','chelisf2@irs.gov','2664670302',2),('160-25-0580','Inesita Cersey','icersey9o@paginegialle.it','4445917263',68),('160-66-4044','Suzette Lackey','slackeyf5@tmall.com','6419149307',39),('162-29-4808','Jennifer Kernar','jkernarb7@vinaora.com','9243054439',86),('162-66-6875','Tatiana Nehl','tnehl4j@ifeng.com','6948334332',15),('163-42-9640','Lindsay Seamark','lseamarkhe@twitter.com','9362538844',13),('164-65-2722','Stormy Wimbush','swimbush3c@utexas.edu','5475587150',22),('165-35-3742','Kory Kremer','kkremer2o@gmpg.org','3518287123',68),('165-67-9203','Flem Croall','fcroall5o@cisco.com','3452793536',74),('167-12-1405','Jereme Gatland','jgatlandbl@illinois.edu','9423113229',67),('167-70-5117','Barnabas Sango','bsango33@squidoo.com','1592054543',14),('168-12-3793','Tansy Chesters','tchestersrq@sun.com','2872538001',65),('171-17-5642','Ceil Handley','chandley2y@e-recht24.de','2016134152',85),('172-21-8865','Freddy Sammons','fsammonsqt@noaa.gov','1746984445',30),('174-03-8632','Abie Taillant','ataillantoe@dell.com','1669366345',93),('175-34-9024','Land Capnor','lcapnoro4@sitemeter.com','1086356490',76),('177-76-5108','Austen O Sullivan','ao98@rakuten.co.jp','9686875897',2),('178-70-1235','Fulton Feore','ffeorerl@mashable.com','9446687438',77),('180-89-0236','Romain Tipperton','rtippertonli@answers.com','4356545289',82),('182-47-1654','Lesley Weatherall','lweatherallme@github.com','3071346914',80),('184-38-5472','Ebonee Line','elinebu@nasa.gov','2026611372',54),('184-83-1731','Caren Kilroy','ckilroyhz@about.me','7248583301',28),('185-55-4660','Charlie Adlam','cadlam7d@apache.org','8213771031',76),('185-71-0545','Creigh Colloff','ccolloffqh@rambler.ru','8918872084',98),('188-10-0529','Neill Fearnside','nfearnside86@timesonline.co.uk','7819059612',63),('189-23-5026','Bent Clarey','bclareyrb@t-online.de','3089435980',18),('190-23-3399','Nolly Rayment','nrayment55@51.la','7953238708',1),('191-11-9042','Bobette Macauley','bmacauley5i@timesonline.co.uk','4696438567',49),('191-98-9898','Selene Ludl','sludl4k@apache.org','9868755287',43),('192-58-1380','Ariel Leatham','aleathamny@amazonaws.com','2108274653',67),('193-51-4075','Ammamaria Barnwill','abarnwilllk@reference.com','1732605452',5),('193-64-1791','Bernardine Yell','byell3z@cbslocal.com','5592223260',24),('195-42-5129','Mattias Domelaw','mdomelaw23@prnewswire.com','6093005187',2),('196-02-6916','Frederique Americi','famericiil@soup.io','7164607205',38),('198-23-0779','Brena Hackett','bhackettn6@vistaprint.com','9359945795',86),('198-76-9493','Eleen Joye','ejoyeh0@is.gd','2097206281',14),('198-82-9715','Daryle Priscott','dpriscottrg@msu.edu','1327990819',12),('200-59-9805','Augustina Chewter','achewterew@mashable.com','5796384538',14),('201-27-6281','Kate Birtwhistle','kbirtwhistlej@globo.com','5371201847',34),('201-63-3136','Alessandro Prisk','apriskaq@vistaprint.com','8172854866',29),('202-04-0985','Benjamin Billett','bbillettkz@elpais.com','8145556938',43),('202-57-3717','Mathian Lilburn','mlilburng2@angelfire.com','7236269205',28),('203-33-7361','Luisa Brien','lbrienjc@wsj.com','2022134739',11),('203-92-5269','Claudell Harnett','charnette7@list-manage.com','6227554263',68),('205-17-1110','Zackariah Lindenblatt','zlindenblatt1h@mapy.cz','8631372679',9),('207-70-4311','Jerrie Hickenbottom','jhickenbottom1n@foxnews.com','6564877417',37),('207-92-8379','Joan Moreno','jmorenok1@apache.org','4477794020',60),('208-59-6693','Charlotta Tompkin','ctompkinel@japanpost.jp','1105519268',88),('209-28-1810','Anallise Barnewelle','abarnewellea5@xinhuanet.com','6713973831',60),('209-82-7594','Jenelle Bees','jbees8j@tuttocitta.it','8677587665',34),('210-51-7861','Sherie Clara','sclarahq@salon.com','7745355487',91),('213-01-4188','Veronika Parade','vparadeeq@amazon.co.uk','8059238114',55),('215-69-2273','Ware Edgeworth','wedgeworthi1@hp.com','3669605405',98),('216-29-4777','Kanya Laurentin','klaurentinnv@youku.com','1252163012',30),('218-38-8401','Conroy Maunder','cmaundere9@phpbb.com','9028117225',50),('218-67-2607','Carlin Dingwall','cdingwallk@biblegateway.com','3904477905',62),('219-97-3837','Bendick Grahlmans','bgrahlmanspc@tamu.edu','9558003395',61),('220-73-5189','Marya Harrow','mharrow3l@home.pl','1992137209',19),('221-78-9566','Flo Iseton','fiseton9q@census.gov','7659159159',8),('222-67-3682','Rubia Brodway','rbrodwayce@domainmarket.com','4239906131',84),('222-77-3988','Renee Morling','rmorlingq0@unesco.org','9895751607',96),('224-56-4210','Jedediah Roscow','jroscowdi@reference.com','3494043359',30),('224-95-5319','Hall Bussons','hbussons5q@chronoengine.com','2834248557',58),('225-26-5210','Thornie Marchington','tmarchingtonhu@taobao.com','1193432791',2),('225-82-9651','Phoebe Clingoe','pclingoepf@youku.com','4749460196',33),('225-95-6607','Enrichetta Jacquemet','ejacquemet3y@reddit.com','3747677323',58),('226-18-5841','Rafaellle Deegin','rdeegink0@stumbleupon.com','2386761579',93),('226-83-1046','Dex Albasini','dalbasinilm@studiopress.com','7039403088',92),('227-66-2077','Quill Ford','qfordju@csmonitor.com','2965131393',81),('227-78-5564','Tiphany Angelini','tangeliniqx@whitehouse.gov','1276966273',29),('228-18-5480','Durant Seaborn','dseabornai@cbslocal.com','8348844308',98),('233-15-3987','Claudina Herche','cherchea6@yellowpages.com','8556926829',6),('233-36-4596','Lucille Oattes','loatteslw@vkontakte.ru','7967252856',33),('233-93-7210','Sheff Macartney','smacartneym3@gov.uk','9449337252',46),('234-05-4648','Connie Thal','cthalou@sitemeter.com','1098136689',29),('234-25-8580','Eugenia Dunican','edunicankk@time.com','9425703854',9),('235-21-4589','Lovell Belden','lbelden9a@hostgator.com','5807880719',55),('235-50-7835','Krysta Blakeman','kblakeman31@sciencedaily.com','6629461302',50),('236-02-1377','Harv Sharnock','hsharnockcn@networkadvertising.org','1771958572',81),('236-15-8020','Esdras Lovekin','elovekin2z@google.com.br','6282064629',58),('236-26-1761','Blaire MacConnulty','bmacconnultycw@si.edu','4171920634',48),('237-23-1846','Tye Gullefant','tgullefantox@cdc.gov','2975109726',62),('237-79-2555','Nicky Saville','nsavilledv@usatoday.com','5582629552',67),('238-05-1301','Trevar Blesli','tblesli9b@state.gov','7589666671',51),('239-29-1074','Emalee Biffin','ebiffin7g@youtu.be','1274315012',51),('239-75-6669','Siobhan O\'Duilleain','soduilleainmx@ftc.gov','5481988294',2),('240-30-2053','Lancelot Bidder','lbiddergy@ihg.com','3142941113',53),('241-09-1672','Kameko Elland','kellandlj@barnesandnoble.com','8132879972',62),('241-78-9351','Oliy Cyster','ocysterql@blogger.com','6916423634',50),('241-82-2686','Stacy Mountfort','smountforto5@mozilla.org','7656697539',61),('242-77-9637','Cristal Varfalameev','cvarfalameeval@businessinsider.com','6523539874',58),('243-50-1789','Courtenay Highnam','chighnamey@facebook.com','6048042401',5),('243-51-6322','Vitia Westbury','vwestburyh@cdbaby.com','5506802230',50),('243-83-6050','Leora Murtagh','lmurtaghhj@mail.ru','9849173212',33),('244-21-0920','Kellen McKmurrie','kmckmurrieqe@imdb.com','8483874296',15),('244-81-6158','Shadow Crossgrove','scrossgrovefx@youtube.com','7737849372',75),('246-78-2138','Jethro Stawell','jstawellcz@slashdot.org','1455186518',31),('249-05-1086','Markos Hazleton','mhazletonqn@google.es','4038854228',30),('249-24-3578','Madison Vigers','mvigers51@miibeian.gov.cn','8767315945',53),('249-31-5834','Lyssa Stockford','lstockfordnl@chronoengine.com','5354443140',76),('249-36-7411','Wallis Warden','wwardenpo@macromedia.com','4399669405',22),('251-91-7177','Kelbee Madgwick','kmadgwick2m@creativecommons.org','8529283160',78),('252-51-1397','Karna Jecock','kjecock76@yandex.ru','6418336024',28),('254-57-2842','Reginauld De Bernardi','rde9x@ft.com','4815267106',2),('255-47-1315','Evan Hellier','ehellierkt@yellowpages.com','6469818709',23),('256-05-6073','Stanislaus Faust','sfaust3r@gnu.org','2264604503',11),('256-84-2995','Dar Lewty','dlewtyoa@google.com.br','8975040080',85),('257-09-1857','Arley Wakely','awakely8e@usnews.com','4085430911',92),('257-70-4655','Emlyn De Gregoli','edee2@hugedomains.com','5076029031',6),('257-91-2238','Shayna Lounds','sloundsc0@fotki.com','2425253010',48),('259-13-9957','Jill Jirasek','jjiraseko3@xinhuanet.com','3005418484',26),('259-41-3998','Cameron Capponer','ccapponerc8@360.cn','6142516167',84),('259-85-3195','Gustaf O\'Keeffe','gokeeffebj@jugem.jp','8046299146',42),('260-87-193','Shophine','shophine@gmail.com','7062028305',24),('261-06-1619','Anselm Casa','acasall@nsw.gov.au','1388946282',57),('261-09-7763','Letti Mc Faul','lmc5b@dedecms.com','6649494136',58),('261-28-2278','Neill Harty','nharty6x@example.com','8104096203',20),('261-40-8425','Henderson Wallington','hwallington9v@oracle.com','6408770531',26),('262-33-3325','Amy O\'Daly','aodalym5@geocities.com','4175701972',65),('262-54-9072','Camile Giamelli','cgiamellihc@naver.com','8329480612',51),('263-39-4079','Neron Heinlein','nheinlein2p@umn.edu','3203012477',59),('263-49-0502','Kipp Dumbrill','kdumbrilll4@cbsnews.com','1379848756',42),('263-67-4672','Saba Chinge','schinge7x@free.fr','4927647229',33),('263-71-0907','Marya Kowalik','mkowalikim@msu.edu','8635619586',36),('263-95-4622','Jody Roisen','jroisenf@surveymonkey.com','1584598176',81),('265-50-1596','Kippy Ballintime','kballintimeer@npr.org','5427688287',97),('266-12-1918','Jerrold Hertwell','jhertwell3u@census.gov','5427465550',43),('266-67-9139','Roslyn Druery','rdrueryqm@un.org','4484215911',23),('267-88-1379','Bernadine Epgrave','bepgravebv@fema.gov','2735144851',85),('267-88-2264','Billie Shervington','bshervington84@sina.com.cn','6982683287',58),('267-89-6160','Clementina MacAne','cmacane46@about.me','7354814077',33),('268-27-3259','Arlette Westnedge','awestnedge61@yale.edu','6015145518',89),('270-92-1430','Marja Whereat','mwhereatcq@dedecms.com','2984108353',47),('271-08-4212','Sande Crimmins','scrimminsge@devhub.com','9977465710',65),('271-39-6095','Garald Pasterfield','gpasterfieldq@bluehost.com','8377842890',86),('271-87-7059','Norris Coots','ncootshk@shareasale.com','3274379732',35),('272-14-1330','Carlina McSkeagan','cmcskeagang4@wisc.edu','1551431369',15),('273-68-2873','Bridget Fardell','bfardell41@harvard.edu','8946882420',68),('273-77-3259','Waylen Dawltrey','wdawltreykj@cbsnews.com','6528684662',97),('274-04-5506','Mattias Riccard','mriccardnt@google.ca','8018570955',80),('275-59-0690','Celie Fishlock','cfishlockkr@ucoz.com','2493166048',10),('276-73-6899','Genvieve Fletham','gflethamko@ucla.edu','4688437000',6),('277-43-1812','Imogen Khomin','ikhominht@cnbc.com','2912779064',1),('277-95-9907','Lew Bedinn','lbedinn6j@hp.com','6265909349',84),('279-95-5752','Coleen Bell','cbellgn@dailymail.co.uk','2056645160',21),('281-19-2778','Clyve Schiersch','cschierscho2@accuweather.com','4807944750',51),('281-82-7465','Adriana Buy','abuyp@disqus.com','3909293534',89),('282-83-1898','Clarissa Le Lievre','clehp@sourceforge.net','1803681235',95),('282-96-0216','Dianemarie Rolfi','drolfiia@furl.net','2594371934',9),('284-61-3636','Stevena Mulbry','smulbryd0@smugmug.com','3091025207',57),('285-45-2798','Kori Gimblet','kgimbletgd@addtoany.com','2162119954',58),('287-39-5194','Lucy Phillipp','lphillipp8h@admin.ch','4495760316',17),('287-70-7648','Lorianne Monteaux','lmonteauxj9@networkadvertising.org','7509345713',11),('289-64-0061','Kipp Mesant','kmesantrj@ca.gov','8362805814',3),('289-69-3434','Doralynn Mallion','dmallionu@example.com','3372074133',78),('290-87-3313','Thaddeus Finnigan','tfinnigan9k@howstuffworks.com','8567407008',83),('293-89-0863','Irv Redd','ireddkp@toplist.cz','2171635545',84),('294-94-1327','Kiri Mabe','kmabe25@woothemes.com','3517795313',68),('295-84-4128','Sean Dyson','sdyson8q@businessinsider.com','6012911962',89),('295-85-1900','Luther Lynnett','llynnettgc@narod.ru','9603476733',41),('296-36-9028','Aaren Headings','aheadingsi@ihg.com','6307603479',37),('296-84-9016','Felicdad Mix','fmixnz@si.edu','3243099517',59),('296-96-4237','Adham Capper','acapper7p@tuttocitta.it','6041999090',86),('297-41-2035','Gib Barnson','gbarnsonae@weibo.com','5418071617',53),('298-27-0116','Tammie Demann','tdemann7r@yellowpages.com','4819423678',6),('299-10-5090','Thalia Cuthbertson','tcuthbertsonas@exblog.jp','5348307826',68),('299-19-9151','Cathrine Grishelyov','cgrishelyov96@flavors.me','3931845758',23),('300-36-9672','Dalt Dupoy','ddupoye4@imdb.com','4603469724',11),('300-97-2305','Bartholomeo Lalonde','blalonde52@patch.com','3949035520',85),('302-94-7227','Curcio Boydell','cboydell1u@paypal.com','9567445802',94),('303-35-7211','Angy McDougald','amcdougaldz@harvard.edu','9195828964',15),('303-75-5123','Mignon Troak','mtroakf6@ehow.com','9267232596',87),('305-61-9795','Paulie Feechum','pfeechume0@sphinn.com','8989028763',93),('305-79-2571','Towney Henrych','thenrychjo@ucoz.ru','1572630953',6),('306-02-7039','Zarah Dodge','zdodgeob@flickr.com','2647057878',48),('306-05-9112','Rora Verdie','rverdien8@vk.com','6387213220',23),('306-14-3776','Nev Cranage','ncranagejz@independent.co.uk','4326924103',69),('307-11-3687','Say Kroll','skroll3t@wix.com','7851463033',75),('307-80-0331','Taylor Cockings','tcockingsfv@blogger.com','2793316409',71),('308-09-4016','Flor Tooting','ftootingrk@lycos.com','5289098087',27),('308-29-9582','Dannie Decreuze','ddecreuzekg@gov.uk','4081742870',20),('308-43-5299','Cassy Deadman','cdeadmanlr@cornell.edu','7191242921',18),('308-61-231','Aishwarya','aishwarya@gmail.com','7062561148',23),('309-07-1117','Idelle Catherine','icatherineh2@abc.net.au','5579543789',30),('309-64-8094','Chas Ahern','cahernfl@about.me','9198782657',96),('310-66-6609','Leshia Kirtley','lkirtleyle@wikia.com','2066418811',90),('310-94-9616','Guy Cleife','gcleifeg6@walmart.com','8792952154',64),('3111-06-432','GK','gk@gmail.com','7062161148',24),('314-10-1088','Price Extance','pextance7a@omniture.com','9439710647',48),('314-69-0373','Natka Eberts','nebertsln@nih.gov','5866830202',49),('314-74-7464','Booth Josephs','bjosephspq@edublogs.org','3649592268',98),('315-21-4962','Che Aylin','caylini7@irs.gov','2105153277',45),('315-26-5392','Chip Purvess','cpurvessms@google.ru','9271789896',30),('316-23-5382','Daniela Gisburn','dgisburnjg@mysql.com','7769688906',15),('318-38-8866','Matt Filipowicz','mfilipowiczhx@columbia.edu','9657450249',80),('319-05-8966','Stace Mor','smor3h@theatlantic.com','1325283239',59),('319-61-1881','Amandi Petyanin','apetyanin4t@yellowpages.com','3994794934',53),('319-69-7083','Teirtza Sabberton','tsabbertonit@examiner.com','6268069358',89),('320-07-3143','Hamid Hollyland','hhollylandr3@timesonline.co.uk','1704342968',86),('320-39-4038','Virginia Peasee','vpeaseekf@economist.com','5997084552',64),('321-22-5022','Janka Betjeman','jbetjeman6o@si.edu','4319437588',61),('322-69-4409','Miof mela Firsby','mmela77@earthlink.net','3125756031',11),('322-94-1316','Livvy Ewdale','lewdalels@chron.com','3651731536',69),('325-58-7861','Tara Higgen','thiggenb4@berkeley.edu','9047810953',16),('325-93-8770','Christel Fenny','cfenny5u@ustream.tv','3868620945',69),('326-10-7028','Brig Laird-Craig','blairdcraigdj@army.mil','6318950489',96),('326-15-0907','Kenton Avrasin','kavrasin2r@github.com','1529026065',76),('327-37-3306','Yardley Duberry','yduberry71@so-net.ne.jp','1886346556',91),('327-99-9658','Anastassia Edelheit','aedelheit8p@amazonaws.com','6768081636',28),('328-25-9910','Carlen Wickins','cwickinsa7@oaic.gov.au','1219584257',66),('329-61-8247','Alisha Brognot','abrognotah@vimeo.com','4853784799',45),('330-04-9507','Cassandry Dow','cdowfk@cisco.com','7787492297',25),('330-27-2265','Salvatore Bobasch','sbobaschd9@dell.com','1727108783',90),('331-26-6967','Aloin Vanyashkin','avanyashkinok@ucla.edu','6689554705',75),('332-26-9729','Griffie Beiderbecke','gbeiderbeckeb0@csmonitor.com','3624567923',7),('335-53-7008','Nickolai Perdue','nperdueex@harvard.edu','5318926752',8),('336-48-6500','Gian Blabey','gblabey2e@latimes.com','3901948627',17),('336-93-7506','Dorthea Clutton','dclutton4r@netlog.com','8259526849',60),('339-13-5205','Luise Tolwood','ltolwoodrh@unesco.org','1271390626',50),('339-25-3928','Margot Ronnay','mronnayfd@yelp.com','7847478754',68),('340-80-3161','Jacquelynn Scoggans','jscoggansoh@businessweek.com','4184139266',89),('341-95-0003','Harry Tyt','htytaj@mit.edu','1285201975',43),('342-08-5108','Thomasa Feldmesser','tfeldmesser1l@umich.edu','2697348719',46),('344-93-6738','Claiborne Baff','cbaff48@senate.gov','5422899890',1),('344-97-5193','Birch Morden','bmorden1b@tripod.com','4709225846',65),('346-13-1426','Orelie Issett','oissetth8@cpanel.net','1477629842',24),('346-32-7546','Nady Stanion','nstanionps@hostgator.com','5902369237',24),('346-69-1855','Didi Chisman','dchismanbk@desdev.cn','2135883678',45),('347-27-6768','Kissiah Klamp','kklamppn@va.gov','1271808034',54),('347-40-0053','Paola Pegden','ppegdenb9@blogger.com','6974043646',36),('347-80-6321','Jud Menlove','jmenlovenx@webs.com','3542629664',18),('347-93-7628','Garwood Spiby','gspibyeb@sitemeter.com','7225886864',77),('347-94-1514','Daisi Lunge','dlungede@howstuffworks.com','6688064238',35),('348-12-1677','Ilyse Messitt','imessitt30@cargocollective.com','2783416555',44),('348-58-5717','Hermy Gravestone','hgravestone5k@comcast.net','8497653398',11),('349-75-2390','Max Drinnan','mdrinnanbe@ning.com','3114940136',23),('352-25-0286','Annemarie Circuitt','acircuittbm@technorati.com','7257534298',80),('352-63-5172','Rik Kimm','rkimmq8@mediafire.com','7431438006',35),('352-75-7523','Thaine Dowsey','tdowsey6h@etsy.com','8908707551',33),('352-82-0017','Merrill Phettis','mphettiss@linkedin.com','6023152944',57),('352-94-9885','Olva Partkya','opartkyaic@phoca.cz','9869432392',87),('353-18-4553','Wylie Benton','wbenton2f@europa.eu','3019230262',65),('354-19-9796','Nelia Peever','npeeverlc@vk.com','9631485820',63),('355-36-7932','Temp Trevenu','ttrevenukv@hexun.com','3783068569',19),('359-22-2635','Berkly Paxforde','bpaxforde14@seesaa.net','8037163650',3),('359-22-9321','Garrott Fawloe','gfawloecs@archive.org','2432814310',59),('359-91-3494','Jordon Liepina','jliepina9h@umich.edu','9887247032',84),('361-15-5625','Merrel Chatterton','mchattertonqf@harvard.edu','8928386481',44),('361-80-9583','Clotilda Renvoise','crenvoiseml@pbs.org','7049544841',65),('362-52-9088','Willy MacPherson','wmacpherson3e@hao123.com','5945176003',95),('362-94-8473','Rhea Berling','rberling4w@accuweather.com','4431062285',82),('363-02-5004','Emlyn Kesten','ekesten27@wired.com','2979265842',25),('363-45-9168','Kleon Aggis','kaggisjm@uol.com.br','4765828739',77),('364-92-1917','Suzi Pavolillo','spavolillobr@hud.gov','7282987751',10),('366-18-0666','Margi Grinham','mgrinhamn@uol.com.br','1201289512',16),('366-66-6732','Mora Comi','mcomilo@tripadvisor.com','7898441331',50),('367-43-0662','Melamie Story','mstory6d@apple.com','3887108249',3),('367-77-6244','Tucker Tring','ttringci@vk.com','2432049752',62),('369-55-7905','Jeanine Kirman','jkirmanom@printfriendly.com','9746250229',2),('369-83-2824','Raffaello Neagle','rneaglefh@unesco.org','1958712928',21),('370-24-4724','Melba Hollyman','mhollyman3k@cornell.edu','6937115987',97),('371-47-0870','Shalom Boundy','sboundyd7@auda.org.au','4175522643',27),('371-77-6518','Magdalena Alwood','malwoodi6@live.com','4798136307',41),('371-78-0156','Cookie Lowthian','clowthianmt@gov.uk','3167158836',23),('372-72-9855','Woodman O\'Heffernan','woheffernan7o@altervista.org','2194341251',90),('372-87-2247','Edita Elcoate','eelcoatei2@cbslocal.com','4779941294',84),('373-82-0499','Conrad Arnett','carnett5h@blog.com','5842786250',51),('374-53-3583','Merline Giabucci','mgiabucci73@vkontakte.ru','1207748076',2),('375-20-9332','Cosmo Lurriman','clurrimannu@businessinsider.com','6169241801',53),('375-50-7014','Clemence Christofor','cchristofor80@mtv.com','4731396593',61),('375-90-9753','Justina Loseby','jlosebyk5@godaddy.com','2544749074',46),('377-60-3481','Coop Brunstan','cbrunstanjh@smh.com.au','6083753307',45),('378-61-6129','Danie D\'Ugo','ddugooz@princeton.edu','5759383346',85),('378-97-8905','Corina Oldaker','coldaker3v@seattletimes.com','3498548616',93),('378-99-7370','Shandra Dallosso','sdallossof8@pen.io','8658640965',12),('379-76-3193','Madonna Larne','mlarne7w@irs.gov','8168094357',76),('379-89-5401','Jamison Astin','jastinbh@scientificamerican.com','6665465222',46),('379-95-3862','Clarinda Sparkes','csparkesap@uol.com.br','9403474075',99),('381-05-3948','Sylvia Thirtle','sthirtle60@cnn.com','8356231644',62),('382-60-0230','Terrie Murrill','tmurrilllh@harvard.edu','8134572922',9),('383-40-4576','Wittie Fritter','wfritter6p@moonfruit.com','7963252656',57),('383-62-1019','Quintina Patrie','qpatrie9p@yahoo.com','9685186788',60),('383-82-8756','Iago Youthed','iyouthedkm@kickstarter.com','7967773465',27),('384-54-5680','Niki Meir','nmeiriw@istockphoto.com','6054818223',55),('385-60-2148','Sindee Densumbe','sdensumbeca@wiley.com','2219889989',94),('385-71-6553','Norine Libero','nliberomh@addtoany.com','8721352131',6),('385-77-8452','Dur Barnwille','dbarnwilleiq@behance.net','4281146114',44),('386-04-1917','Jenilee Dangerfield','jdangerfieldm6@mac.com','4116073509',2),('387-26-9102','Reta Knappe','rknappe6w@wordpress.com','5467919981',75),('387-44-5536','Granny Giacobazzi','ggiacobazzia8@mayoclinic.com','1453278291',69),('387-63-1130','Herby Drissell','hdrissell43@cocolog-nifty.com','7189516995',24),('389-30-1513','Margaux Driscoll','mdriscoll97@jiathis.com','6432148557',9),('389-44-0449','Thain Cubbin','tcubbin9s@tripod.com','5181052907',71),('391-20-6462','Tabor Berger','tbergerfc@discovery.com','6721707401',29),('391-74-9896','Marquita Pogg','mpoggjb@latimes.com','3927070905',29),('392-42-6307','Melina Robbert','mrobbertbw@seesaa.net','9064903014',59),('392-63-8040','Martina Burl','mburll@businessinsider.com','9245067267',7),('392-81-9709','Agnola Kyd','akydmd@earthlink.net','5071026903',56),('392-88-6379','Anselm Hedges','ahedges2g@twitpic.com','5824994667',60),('392-98-2567','Emelyne Nickolls','enickolls81@nydailynews.com','2596717627',34),('393-71-0565','Romona Harrell','rharrell2i@usatoday.com','2755484047',87),('394-19-1048','Quinn Gudde','qgudde4o@google.com.hk','4481390090',33),('394-73-8178','Rahal Deery','rdeerynq@smh.com.au','1337075522',4),('394-85-2741','Hartwell Whaplington','hwhaplingtonfj@redcross.org','4569225755',17),('395-62-0502','Merrie Bruun','mbruun54@springer.com','9504628336',73),('396-63-1810','Ruy Rabbitt','rrabbitt72@redcross.org','1996752681',16),('396-95-2916','Frederigo Teale','fteale7n@ft.com','3539210820',57),('397-31-7404','Reinaldos Grelak','rgrelakly@jigsy.com','6635509245',37),('398-46-2613','Lana Fetherstonhaugh','lfetherstonhaughgl@nba.com','6473114779',16),('399-04-9095','Candra Bleeze','cbleezepp@yandex.ru','1151269217',65),('399-88-8392','Giselbert Boase','gboasehv@newyorker.com','2515991571',79),('400-65-0506','Esta Dandy','edandy74@wp.com','2503792600',99),('402-91-5884','Jessika Guiu','jguiuro@shinystat.com','4042596377',61),('403-60-0710','Cointon Malecky','cmaleckyfg@intel.com','1447744218',7),('403-67-2542','Roddy Weblin','rweblinp4@example.com','5202749390',49),('406-57-2642','Justus Trenbey','jtrenbeyl8@cbc.ca','3204474697',23),('407-13-2280','Ahmed Salack','asalackcc@bravesites.com','7159769865',68),('407-86-4496','Misty Kulic','mkulic5y@newsvine.com','9961955502',72),('409-71-4519','Aleta Domelaw','adomelawat@webmd.com','5429658114',57),('410-46-2184','Drew Hammerberg','dhammerbergha@amazon.de','5144340231',69),('410-78-4027','Trudie Juleff','tjuleff4x@wufoo.com','5481889472',72),('411-83-6634','Krista Verry','kverry6m@comcast.net','9595318010',55),('412-36-6519','Georas Havock','ghavocklg@dyndns.org','7163753528',56),('412-94-0203','Basile Astridge','bastridge38@jiathis.com','2214932591',15),('413-88-1060','Samantha Tregear','stregeargp@si.edu','8051061136',4),('413-91-3327','Thurston Fruser','tfrusermk@house.gov','8117986051',73),('414-59-6801','Thebault Bartoszewski','tbartoszewskic4@mapy.cz','6792687704',58),('414-89-2055','Ramsay Huelin','rhuelinnp@ameblo.jp','6668959503',67),('415-56-1463','Tailor Wermerling','twermerling9y@facebook.com','2041330378',61),('416-95-0099','Mackenzie Kroon','mkroonb8@amazonaws.com','9571369244',5),('418-54-1803','Trev Vasyuchov','tvasyuchov94@nymag.com','8094123655',39),('418-95-2999','Chick Minihan','cminihanee@archive.org','3155730956',80),('420-12-0052','Nady Grutchfield','ngrutchfieldga@independent.co.uk','3998256970',85),('421-81-0208','Gilbertina Pelerin','gpelerin2t@google.es','4636973566',84),('423-75-5845','Meriel Klimczak','mklimczak3g@foxnews.com','6807390389',64),('424-04-9831','Adoree Bolstridge','abolstridge5p@imdb.com','6362586320',68),('425-50-0198','Drona Carrabott','dcarrabottgx@apple.com','4747560442',46),('425-60-4540','Garfield Courtliff','gcourtliff9t@cam.ac.uk','5297175642',27),('428-16-9919','Rici Amery','ramery53@feedburner.com','8873160269',94),('428-56-9095','Truda Ivers','tivers49@shop-pro.jp','8107874698',93),('430-44-2971','Quentin Leglise','qlegliseb@dmoz.org','5945992788',84),('430-89-9862','Catlee Rowlin','crowlin2h@moonfruit.com','7268514754',39),('431-82-2080','Calv Clendennen','cclendennenmc@japanpost.jp','7952457756',42),('431-82-8551','Fallon Willeson','fwillesonpi@bloomberg.com','7187850082',93),('432-23-9810','Matty MacCafferky','mmaccafferkype@phoca.cz','3849062747',40),('432-27-9871','Rivalee Widdowson','rwiddowsonmy@1688.com','5807262630',17),('432-79-1217','Arty Drakeley','adrakeleybb@wix.com','5321726501',65),('434-21-0731','Odo Petcher','opetcherm7@imdb.com','2974530950',76),('436-36-6040','Mikey Graine','mgrainefr@globo.com','7773677749',82),('436-81-6763','Waring Dickie','wdickiech@hatena.ne.jp','3932982079',83),('437-54-2609','Reta Chinnock','rchinnockh4@shop-pro.jp','5308797898',68),('438-34-5287','Jere Kitt','jkitt3w@ed.gov','8096348018',93),('438-38-6208','Tamiko Euston','teustondy@bloglovin.com','2976753724',60),('438-62-4269','Terrel Strut','tstrut32@omniture.com','6199926464',20),('442-11-0212','Chryste Collecott','ccollecott16@last.fm','9723594300',20),('442-28-5407','Neilla Rossander','nrossanderk2@google.de','9579312259',38),('443-19-5180','Gabe Costar','gcostarl9@elpais.com','2606531554',30),('443-24-9824','Valle Rosser','vrosseraw@homestead.com','7272508589',37),('443-95-3323','Violet Moult','vmoultpg@economist.com','7648874460',91),('444-50-7664','Janaya Vell','jvellp5@jugem.jp','5831225144',47),('444-88-7177','Artemas Carmen','acarmencm@mac.com','7336306402',58),('445-27-3433','Bruce McClurg','bmcclurg4p@blog.com','3404778158',50),('447-22-4062','Salomon Shoreson','sshoresongw@google.com.br','4561763331',76),('448-95-0438','Peggie Baynard','pbaynardbq@vistaprint.com','2283479253',29),('449-40-4815','Phaidra Burling','pburlinghh@sakura.ne.jp','9528511126',18),('450-95-1085','Janey Kenlin','jkenlinij@ucoz.ru','6921599523',99),('450-98-2942','Maris Jikovsky','mjikovskyki@fc2.com','9154504697',44),('451-25-6408','Carny Stoop','cstoopqz@gmpg.org','1405745893',20),('452-27-1135','Everard Shailer','eshailercp@unesco.org','6753275486',65),('452-31-1768','Massimiliano Strethill','mstrethilla9@cargocollective.com','9748609109',69),('453-59-1041','Krystalle Matheson','kmathesonao@issuu.com','6215681602',48),('454-65-8550','Germain Livingstone','glivingstone3p@weibo.com','3492928329',32),('454-74-8675','Tracie Daskiewicz','tdaskiewicz8o@netvibes.com','8537247939',14),('455-06-3809','Esmeralda Harmstone','eharmstoneba@huffingtonpost.com','7874058706',74),('455-17-3331','Ruthi Mucillo','rmucillo4l@latimes.com','1788610939',30),('456-84-7629','Bjorn Yurtsev','byurtsev1p@constantcontact.com','7567997743',24),('456-90-4713','Enos Fusedale','efusedale4n@linkedin.com','6282499763',30),('459-13-5789','Shanta McDaid','smcdaid90@lycos.com','7003553134',77),('460-38-1391','Siouxie Ridde','sriddeno@last.fm','4761387071',96),('461-27-9133','Lemmie Gruszczak','lgruszczak17@wikipedia.org','5821484810',52),('461-85-3174','Amity Redpath','aredpathh7@trellian.com','3137502653',67),('462-10-4431','Giralda Tancock','gtancockar@goo.gl','8478634937',79),('463-22-0136','Adriena MacMenamin','amacmenamini9@topsy.com','1304404020',96),('463-62-9495','Saul Ballay','sballay6s@trellian.com','5618381619',42),('464-51-2377','Eadmund Bilam','ebilammm@geocities.jp','4311551369',23),('464-72-1382','Sayre Finnigan','sfinnigan2k@weather.com','8216587726',85),('465-02-4685','Tobey Hodge','thodgel6@washingtonpost.com','9686531839',59),('465-30-6648','Osbert Fontin','ofonting8@mtv.com','4732074778',37),('465-79-1064','Augustine Threadgill','athreadgillo6@hp.com','4584188641',8),('469-11-0478','Keary Pesselt','kpesseltdt@technorati.com','6139754923',27),('469-16-7082','Archambault Waddy','awaddydg@columbia.edu','6175659329',11),('469-31-7160','Merrily Shirley','mshirley4e@merriam-webster.com','6404676388',73),('470-70-3141','Bobbie Purkis','bpurkishm@themeforest.net','5403746135',33),('471-09-7118','Ruddy Fugere','rfugereav@mapquest.com','1419250997',43),('474-72-7753','Iago Bradick','ibradicknd@vinaora.com','8338533247',19),('474-90-2858','Fredrika Fletcher','ffletchery@jugem.jp','5063830510',62),('475-72-7685','De Kohrsen','dkohrsenh3@umn.edu','6967536825',53),('475-92-4694','Misti Mallalieu','mmallalieugm@jimdo.com','6741132909',79),('476-35-0163','Benson Yukhnov','byukhnovqq@aol.com','1807730864',36),('476-63-8932','Brit Sleeny','bsleenylv@europa.eu','2863332145',42),('477-21-9706','Augustine Fox','afoxqk@altervista.org','2474303032',4),('477-66-7855','Baillie Cowitz','bcowitz5j@oracle.com','3174321553',88),('478-56-3290','Laurella Bettanay','lbettanaykn@tmall.com','1771296625',33),('478-71-0603','Yale Instrell','yinstrellk8@blogspot.com','3021855062',95),('478-81-8839','Kendell Hayfield','khayfieldgt@vimeo.com','9733291091',81),('478-95-3159','Erin Taysbil','etaysbil22@vistaprint.com','1308866819',18),('480-17-6184','Hayley Ottawell','hottawell4y@state.gov','1328452248',46),('480-92-7041','Reuven Zapater','rzapaterd5@disqus.com','5371814190',74),('481-88-5675','Tannie Dennes','tdennesra@businessweek.com','5152107875',34),('482-31-5601','Robbin Lingwood','rlingwood7@mlb.com','2083784653',48),('483-06-6424','Marleen Steffan','msteffanqi@state.tx.us','3512286255',36),('484-10-3169','Virginie Sleith','vsleith7c@xinhuanet.com','3997933540',35),('485-07-3369','Beatrice Kitson','bkitsonma@mail.ru','5085555112',65),('486-18-4668','Amabel Kliche','aklicheq3@theguardian.com','5104888193',22),('487-23-4768','Deeanne Marrett','dmarrett15@unesco.org','4556903304',12),('487-89-5309','Tanitansy Sargerson','tsargersonq6@prlog.org','1051205611',92),('488-30-3514','Tyrone Ropartz','tropartzie@jugem.jp','3259729704',26),('490-24-2302','Niles Birdsall','nbirdsalljn@icio.us','7928422036',53),('490-79-4046','Barbaraanne Irdale','birdale7b@cnet.com','1843727657',84),('491-03-8794','Loise Cockney','lcockneykb@nationalgeographic.com','3605131387',65),('494-05-9440','Ivonne Mucklo','imucklo82@hatena.ne.jp','7759658983',70),('494-96-8257','Merill Pidduck','mpidduckho@altervista.org','4515010082',56),('495-58-7142','Luke Sirman','lsirman8d@sciencedirect.com','6008051926',70),('495-97-6182','Adrienne Peaddie','apeaddieeh@china.com.cn','9874016446',80),('496-07-6929','Vania Elfleet','velfleetjq@statcounter.com','5861850652',90),('496-11-0355','Rees Phizacklea','rphizacklea59@cyberchimps.com','8118541931',12),('496-25-3036','Kendal Coleyshaw','kcoleyshaw29@illinois.edu','3854338888',86),('496-67-2965','Israel Heinritz','iheinritz66@dailymail.co.uk','1063840896',98),('496-71-9433','Jodee MacAne','jmacanec2@apache.org','1712419038',29),('497-98-2092','Ossie Budibent','obudibentt@shareasale.com','8185426827',51),('499-79-9442','Josephine Tomsa','jtomsa6y@forbes.com','4706151057',68),('500-68-5921','Wesley Cumesky','wcumesky1d@mtv.com','6992289729',88),('500-85-3574','Cornall Damant','cdamantdd@youtu.be','4179082729',38),('501-58-4437','Clemmy Brodley','cbrodleyka@merriam-webster.com','9161856399',21),('501-93-2283','Smitty Edmenson','sedmensonoq@sourceforge.net','1254386544',89),('504-14-6495','Ashely Kleinstub','akleinstub1f@deviantart.com','6727629944',85),('505-13-3070','Rodi Bollis','rbollisez@flavors.me','7172659684',58),('505-28-3952','Suki Rought','srought8i@gnu.org','6012085480',32),('505-75-9377','Dorian Van Bruggen','dvanp3@house.gov','8839666703',85),('506-08-6088','Milton Studman','mstudman4v@theatlantic.com','4343554517',30),('506-25-8286','Rodger Sheehan','rsheehan3d@youtu.be','2186325388',92),('506-61-4568','Arlina Wison','awisondp@google.it','6412915776',72),('508-07-6143','Tawsha Adkin','tadkinbp@ifeng.com','6979623484',82),('508-09-4882','Moira Skyner','mskynerqj@who.int','4172408358',95),('509-02-6396','Swen Chastang','schastangmb@amazonaws.com','1362403561',28),('509-84-4911','Atlanta Pavelka','apavelka8t@goo.gl','2624741198',54),('511-48-7320','Berkly Daggett','bdaggettrn@infoseek.co.jp','2558586788',84),('511-58-2477','Jorrie Burnside','jburnsider9@cdc.gov','5195422333',58),('512-96-3462','Roana Doucette','rdoucette4c@tinyurl.com','9578565890',40),('513-87-4662','Corrinne Eckley','ceckley4i@posterous.com','4753370218',25),('515-70-7849','Sanderson Duffett','sduffettnn@china.com.cn','4025714132',2),('515-78-0322','Phyllida Chaffer','pchafferkh@elegantthemes.com','3288154088',32),('515-79-8119','Diandra Merdew','dmerdewe@telegraph.co.uk','5008257364',56),('516-15-8505','Jessamine Fewster','jfewsterl7@imageshack.us','6678146160',84),('517-08-9456','Kirby Raspin','kraspinon@fotki.com','9345805827',53),('517-82-3098','Mariel Mowsdale','mmowsdale5g@xinhuanet.com','7688296921',10),('518-36-7074','Hamel Burbidge','hburbidge1e@skyrock.com','4216760504',90),('519-61-9627','Jack Omrod','jomrodaa@163.com','1426317230',22),('519-94-2980','Pierette Faunt','pfaunt45@yandex.ru','7135303688',35),('520-48-1129','Aaren Farrall','afarrallg@bluehost.com','3611535359',12),('521-16-6213','Lock Kineton','lkinetonlx@jiathis.com','4557964853',52),('521-68-5172','Shanie Arlow','sarlow3x@cdbaby.com','6141172420',24),('522-48-6416','Demott Cutsforth','dcutsforthan@geocities.jp','7964698246',64),('524-05-6254','Davey Hazeley','dhazeley6u@ca.gov','5463384591',48),('524-97-7226','Anica Dinnington','adinningtono0@exblog.jp','4614412733',47),('525-10-8775','Kurtis Castagne','kcastagne8m@webeden.co.uk','6549372942',92),('527-62-9290','Sigmund Room','srooma4@census.gov','4973864212',20),('529-34-3063','Manya Bell','mbellaf@utexas.edu','3231439838',22),('530-30-7155','Art Bremen','abremeno8@wunderground.com','3737500636',48),('531-85-7059','Pennie Marvin','pmarvin6r@ebay.com','7158393414',72),('531-90-9302','Deva Carmel','dcarmelkd@ning.com','1053631286',20),('532-62-1143','Anabella Pursglove','apursglove85@bing.com','8458839749',79),('533-56-8437','Annnora Esel','aesel6c@blogspot.com','4585496944',36),('533-66-6131','Tiffie Kornyakov','tkornyakovx@eventbrite.com','3012636258',41),('533-82-2248','Etan Braghini','ebraghiniay@uol.com.br','1709431408',96),('534-65-5015','Audy Glazyer','aglazyergg@example.com','6702432287',61),('535-10-2932','Luz Screen','lscreenfe@whitehouse.gov','1088116427',14),('535-65-9572','Maximilian Camock','mcamockab@microsoft.com','4976487564',85),('536-94-2191','Elvira McMillan','emcmillana1@alexa.com','6955057575',84),('537-04-1161','Bettine Garrity','bgarrityn5@51.la','4575384458',64),('538-05-7383','Pete Salkild','psalkilde1@youtu.be','9483703247',69),('538-13-4856','Thaxter Pollitt','tpollittn9@irs.gov','4494011898',52),('541-33-1542','Sydney McArthur','smcarthurc3@tripadvisor.com','6047426377',52),('541-50-5970','Nickie Shillan','nshillan39@canalblog.com','8985529677',3),('541-74-4364','Rutger Meneur','rmeneurbc@ask.com','6448125242',55),('542-41-3447','Blanca Lawtey','blawteyq5@fc2.com','6821773451',69),('542-56-5500','Skye Dinsell','sdinsellqb@elegantthemes.com','2127704589',78),('543-37-7528','Belia Whyard','bwhyard47@icq.com','8851245213',82),('543-45-7966','Teddie Matteo','tmatteoqs@cbslocal.com','8362116683',78),('543-59-2099','Babette Janjusevic','bjanjusevicp8@myspace.com','3012049775',46),('544-58-8780','Shannah Langshaw','slangshaw5@twitpic.com','9088658370',91),('545-96-2072','Fransisco Murtimer','fmurtimer2v@redcross.org','5044690027',18),('546-98-4362','Richardo Benes','rbenes9f@java.com','9939179485',16),('547-29-4104','Jaime Kennsley','jkennsleyr7@1und1.de','1534066224',24),('547-87-7781','Corissa Quantrell','cquantrelllp@nydailynews.com','5066586236',69),('548-16-7906','Kristen Mc Faul','kmcpr@nifty.com','6492743067',77),('548-22-0025','Sydney Bridywater','sbridywater5z@amazon.com','7535304573',77),('548-57-6693','Trina Timny','ttimnygs@woothemes.com','6593161142',56),('549-68-0209','Tallie Follen','tfollen3m@indiatimes.com','1756668243',45),('554-73-6660','Daniela Faireclough','dfaireclough6b@google.cn','1265742270',56),('556-15-4203','Charity Nice','cnicel5@addthis.com','7338955637',47),('556-63-3907','Tracy McBrady','tmcbrady26@senate.gov','9304471213',66),('557-50-8152','Merralee Barron','mbarron7h@trellian.com','3536752393',89),('562-15-6431','Ericha Fedoronko','efedoronkohs@canalblog.com','5806536059',48),('562-61-5560','Sydelle Brend','sbrendak@booking.com','4001463994',70),('563-68-4008','Ezequiel Boarer','eboarerd2@cnet.com','1868446182',6),('564-86-6498','Casey Cordle','ccordleau@chicagotribune.com','7841725076',19),('565-27-6230','Tillie Hearmon','thearmoni5@devhub.com','2221271209',74),('565-90-9043','Cassandre Pickless','cpicklessd1@nsw.gov.au','5591255542',17),('566-25-4437','Brnaby Capstack','bcapstack8u@state.tx.us','2997300219',60),('566-70-6139','Townsend Barette','tbarettefm@topsy.com','4426379802',49),('567-94-9309','Nancey Tsarovic','ntsarovicnw@dropbox.com','1516158545',63),('568-70-5518','Addia Jeavons','ajeavonsqo@joomla.org','2344700459',67),('568-90-0644','Elora Dicty','edictyp6@nsw.gov.au','6718401514',46),('570-64-0104','Jo ann Hollow','jann6n@msu.edu','2389335951',31),('571-35-2019','Euell Penright','epenright2x@hp.com','5385266282',13),('571-80-0949','Kristin Jiran','kjiranp9@house.gov','5127294271',73),('572-05-1519','Sibley Erickssen','serickssenfu@t.co','5904689384',27),('572-76-4592','Martin Juszczak','mjuszczakir@shutterfly.com','1212802008',12),('573-64-2031','Micah Sans','msansnh@mozilla.com','8122407558',77),('573-87-9899','Vasili Boissier','vboissierol@nydailynews.com','6242143842',53),('574-06-5728','Gordie Evitts','gevittsdm@bing.com','4689196183',33),('576-17-2985','Hyacinthe Barnet','hbarnet3n@issuu.com','9572486297',6),('576-94-2102','Cullan Eskrick','ceskrickop@slideshare.net','9626388764',28),('580-16-9337','Audry Rembaud','arembaudjt@homestead.com','2844910348',24),('581-72-5753','Cordelia Deex','cdeex7k@jimdo.com','5336904243',34),('581-95-6401','Cal Paudin','cpaudincl@nba.com','7939452561',96),('582-91-9531','Wileen Bowra','wbowraef@huffingtonpost.com','9214518349',79),('585-01-1908','Kirsti Pennetta','kpennetta6z@discovery.com','8134102457',7),('585-51-3669','Felecia Vales','fvales24@bbb.org','6862886269',93),('586-30-1922','Birdie Crinage','bcrinagegq@upenn.edu','9475214087',50),('586-58-0852','Austin Yukhnov','ayukhnovhn@liveinternet.ru','4662260292',69),('587-37-2587','Vin Freake','vfreakedb@imdb.com','2381946902',94),('589-41-3911','Celinda Keeley','ckeeleyr1@icq.com','4802399214',66),('589-71-2144','Loy Gutridge','lgutridge8v@addthis.com','2974625113',46),('590-51-1549','Stacee Nyssen','snyssen9c@phpbb.com','4932583861',31),('593-08-4194','Derick Halse','dhalse4d@elegantthemes.com','7235886150',17),('593-69-2868','Janette Dilke','jdilke8k@pen.io','8395888810',88),('597-07-0575','Genna Huebner','ghuebnerl2@amazon.co.jp','4781850473',91),('597-22-6835','Anna Haslock','ahaslockd@topsy.com','9358852773',90),('598-60-8952','Anallese Griniov','agriniovri@godaddy.com','5957863138',80),('598-73-7813','Traci Skill','tskill6@sciencedirect.com','6203148520',29),('599-60-3387','Andre Blackadder','ablackadder8b@jalbum.net','5954725069',4),('600-17-3529','Ludovika Eales','leales7z@nytimes.com','5963462578',30),('601-38-2241','Georgiana Tremellan','gtremellan18@1und1.de','3004167059',36),('602-73-2359','Alexina Goligly','agoliglyqa@tmall.com','8984808759',91),('602-73-9754','Paolina Desson','pdessond8@webmd.com','5057566949',47),('605-74-3948','Nance Cordingley','ncordingleyj7@dot.gov','2576108348',61),('606-31-3022','Caitlin de\'-Ancy Willis','cdeancyje@patch.com','4336172828',64),('606-50-6048','Oby Franklen','ofranklen6e@imdb.com','5844428853',37),('608-75-4022','Price Trewhela','ptrewhelack@usnews.com','3819869911',90),('608-90-8459','Dorey Champney','dchampneyi4@psu.edu','3966972976',40),('610-14-9959','Tabbie Simmig','tsimmigjy@ustream.tv','9995011020',30),('610-92-9477','Grove Albon','galbon34@blogger.com','1988179774',30),('611-92-3622','Arden Blatcher','ablatchernm@spiegel.de','1016254399',58),('612-08-4989','Alric Suddock','asuddock5x@seesaa.net','9563975575',99),('612-89-8870','Sada Scotney','sscotney5v@hubpages.com','7948302743',25),('613-20-5379','Reinhard Burtonshaw','rburtonshawc1@wordpress.com','1475576469',22),('613-51-5650','Dorena Sarle','dsarle3@chron.com','3257002878',35),('618-99-9220','Carree Londing','clonding11@4shared.com','3542547645',10),('619-25-2780','Daile Diack','ddiackpy@amazon.com','3483520881',41),('619-38-8194','Arney Kempster','akempsternj@t-online.de','7223294584',78),('620-71-1652','Enrica Lestor','elestorc5@elegantthemes.com','9063923459',67),('622-07-5336','Shaylyn Mussington','smussington7u@pinterest.com','3127024569',99),('622-80-3061','Vinson O\'Rudden','vorudden2@edublogs.org','3089025950',94),('623-87-4268','Annamaria Measey','ameasey7m@paginegialle.it','5855242710',72),('623-97-9468','Rois Heustice','rheusticep1@desdev.cn','8852501187',81),('627-96-0694','Brennen Phelp','bphelpqd@ask.com','4509979443',85),('628-63-7310','Thain Beagrie','tbeagrie5f@delicious.com','3053470218',84),('629-65-2212','Ricky Kleinstein','rkleinstein7t@oaic.gov.au','8721752976',66),('632-77-2502','Corilla Chiese','cchieseor@indiatimes.com','7225001983',78),('634-14-2016','Yankee Bertolin','ybertolinbg@vinaora.com','8557257046',89),('634-18-5429','Ariella Hayto','ahaytofs@usgs.gov','6643953676',14),('634-85-1072','Corbet Glennon','cglennon21@infoseek.co.jp','7442749261',97),('635-34-6531','Ferne Edelmann','fedelmanni0@oaic.gov.au','5459751301',49),('635-90-0045','Haleigh Sanz','hsanzqu@nasa.gov','6954063556',50),('637-01-3431','Allie Blunsden','ablunsdenf0@issuu.com','8065173138',2),('637-39-4650','Margarita Brinkman','mbrinkmanjv@intel.com','8323629728',57),('638-02-8163','Merrily Simester','msimester3b@blogspot.com','8413955145',82),('638-19-8305','Geralda Caudell','gcaudell5s@spiegel.de','9317025292',39),('638-21-0753','Luelle Gagin','lgaginft@pinterest.com','4696771342',46),('638-50-6405','Welby Kitchin','wkitchinbf@marriott.com','1111702783',13),('639-13-5590','Kelsey Donneely','kdonneelyb2@feedburner.com','7514684967',27),('639-38-0027','Rodie Crellin','rcrellin9z@freewebs.com','2509811499',95),('639-43-5481','Val Barwis','vbarwism9@si.edu','9642816637',97),('639-75-3235','Vladimir Byre','vbyreoc@pbs.org','3179977248',98),('639-93-3113','Lynnett Sweetzer','lsweetzerot@phpbb.com','9964753150',98),('640-34-6830','Logan Ullyott','lullyottik@dmoz.org','5614047292',97),('640-99-9930','Michel Jewise','mjewisemf@twitter.com','2075356140',90),('641-31-3305','Ivor Stucksbury','istucksburypt@facebook.com','2518143372',62),('643-32-2570','Shelby Nicklen','snicklenlb@oaic.gov.au','3112604689',37),('643-89-9027','Humberto Dumper','hdumper8g@sitemeter.com','4795981549',95),('645-67-4915','Errol Lamblin','elambliniy@slashdot.org','2949712750',70),('646-84-7171','Nance Ballintyne','nballintyne5n@vk.com','7822693361',61),('646-88-6893','Lyon Dougliss','ldougliss62@independent.co.uk','9579239055',94),('647-48-4164','Tracy Farran','tfarran3i@xrea.com','8257762603',87),('649-39-9519','Bertrand Gurnay','bgurnayag@washingtonpost.com','7947535266',52),('651-33-8369','Tracee Causnett','tcausnettbs@creativecommons.org','3326494795',1),('654-09-3546','Norrie Stevenson','nstevensone8@phpbb.com','5594350610',45),('654-21-0255','Lilla Southouse','lsouthouser@miibeian.gov.cn','2491098446',25),('654-31-7186','Paquito Grief','pgrief67@dailymotion.com','3616705532',87),('655-10-7658','Jeanie Fogg','jfogg1s@github.io','3806818659',62),('655-72-1588','Shirl Petera','spetera40@phpbb.com','7824110336',47),('656-72-9433','Rakel Osgardby','rosgardbyn3@foxnews.com','7113640855',48),('656-74-0210','Luke Kinge','lkingeqr@canalblog.com','5345596808',99),('656-84-1556','Brett Stithe','bstithelt@yelp.com','3427101458',51),('656-90-2826','Odo Josey','ojosey1x@cnn.com','4893744932',56),('657-55-1040','Trista Tiddeman','ttiddemandn@reference.com','6517677335',26),('658-02-8977','Mitchael Jagoe','mjagoefw@jiathis.com','9549155156',63),('658-56-8643','Chrissie Buttfield','cbuttfieldff@pen.io','1119800839',36),('659-09-6221','Danya Izod','dizodb1@google.co.uk','4876695332',88),('659-21-4534','Evey Speerman','espeermank9@1und1.de','8658964089',37),('659-65-5332','Gretna Jeanneau','gjeanneauhw@friendfeed.com','2938768078',18),('661-11-1474','Marcia Shemmin','mshemminkx@amazon.com','9733142172',77),('661-20-3778','Phebe Capsey','pcapsey1z@ox.ac.uk','6304674600',34),('661-60-0334','Sharlene Springtorp','sspringtorprp@tinypic.com','4962186469',37),('662-13-6311','Hephzibah Gibbin','hgibbink4@paypal.com','1966582169',83),('663-44-4185','Sigvard Zanini','szaninir4@themeforest.net','2317853948',3),('664-11-9940','Zulema Ping','zpingih@hubpages.com','6013203138',65),('664-16-8903','Neysa Kytley','nkytley4b@omniture.com','8519103345',19),('664-23-3743','Darice Hawkett','dhawkettkw@1und1.de','8463339099',94),('664-41-2211','Georgette Carlisle','gcarlislemi@nhs.uk','2645068025',18),('664-52-7554','Caddric Harvett','charvettby@soundcloud.com','9898592097',5),('665-53-9401','Elli Sherwyn','esherwynfi@ocn.ne.jp','8169097888',70),('665-62-3756','Delila Jovovic','djovovicoi@disqus.com','4216061201',38),('665-71-5681','Bernard Squier','bsquier8r@nhs.uk','8884441277',77),('665-85-8472','Emmalyn Iredale','eiredale5a@ucla.edu','2145047212',72),('665-97-5341','Katine Coomer','kcoomer63@domainmarket.com','1351922091',28),('667-10-4464','Aviva Melby','amelbye6@tiny.cc','4959277964',23),('667-58-9163','Duffy Cescon','dcesconii@yelp.com','7362917865',29),('668-22-2348','Reeba Kernell','rkernell0@lycos.com','5196314397',77),('668-38-5839','Tam Ditty','tdittyni@skype.com','2493744148',97),('669-57-5263','Hedi O\'Fihillie','hofihilliefp@toplist.cz','1114391675',55),('670-09-1292','Rossie Storr','rstorrq4@github.com','2941200282',84),('670-58-8041','Linnet Bladen','lbladenhd@flavors.me','8818345292',54),('670-88-0811','Laverna Freeborne','lfreebornedh@wunderground.com','9443499967',18),('671-22-1323','Kailey Leys','kleys5w@dot.gov','9125743817',27),('672-21-4883','Lester Peracco','lperacconk@amazon.de','8576080533',81),('672-30-7232','Deanna Merrell','dmerrellcg@diigo.com','9012796132',25),('672-56-5996','Efrem Wheelband','ewheelbandr8@wiley.com','1923765406',77),('673-25-4731','Zaria Snalum','zsnalumna@wired.com','4926820760',15),('674-02-9654','Marcus Madine','mmadinefn@tamu.edu','2024134355',38),('674-05-2224','Griffith Stredwick','gstredwick1@unblog.fr','6436520185',46),('674-20-4174','Alberto Guntrip','aguntrip78@senate.gov','2489211879',17),('674-57-5782','Belinda McCabe','bmccabej0@nature.com','9562641924',44),('674-58-6152','Melisa Edmenson','medmenson5m@dell.com','5729355081',70),('674-95-8073','Alic Grigorescu','agrigorescucu@yolasite.com','9756303643',17),('676-67-4219','Mackenzie Courtese','mcourtesekc@nationalgeographic.com','8955926915',71),('677-09-0317','Leshia Simony','lsimony2a@comsenz.com','6108852493',8),('677-14-5746','Hallie Mahmood','hmahmood8n@un.org','8506909456',24),('677-55-9890','Lotti Perrat','lperrat4h@addthis.com','6333175353',93),('679-02-5525','Jessey Kleeborn','jkleebornqg@jiathis.com','4067861835',97),('680-01-3827','Phedra Paskell','ppaskellj2@spiegel.de','8123931027',8),('681-97-2103','Simona Hegge','sheggedz@rediff.com','8629808716',42),('682-46-1573','Noellyn Colerick','ncolerickhl@nbcnews.com','4661447503',87),('682-85-8332','Vachel Tritton','vtritton56@comcast.net','2357509237',11),('683-80-8833','Georges Crayke','gcrayke1i@gizmodo.com','9704899909',88),('685-42-3829','Corrinne Wharin','cwharingj@samsung.com','8935190830',13),('685-52-2650','Fredric Haggata','fhaggatad3@patch.com','3109188769',97),('687-65-2544','Iorgo Flinn','iflinnf3@behance.net','9386735349',48),('688-35-8497','Linoel Cutsforth','lcutsforth9r@mac.com','3517176006',45),('688-83-1005','Alexander Al Hirsi','aal1r@un.org','1061942694',82),('689-30-8791','Britney Greedy','bgreedyh9@unc.edu','4436354825',74),('690-56-9091','Randolf Moye','rmoye2u@naver.com','9234586943',27),('692-01-7351','Vi Parley','vparleyn4@umn.edu','6208777410',9),('692-58-2528','Petronia Bolitho','pbolithocv@miibeian.gov.cn','2966936613',63),('692-96-2406','Nadean Roma','nroma1g@yelp.com','4824051593',88),('695-07-3893','Lilian Pyett','lpyetti3@ucsd.edu','9774541758',52),('695-34-6854','Parsifal Wardington','pwardington1y@cornell.edu','7416789858',96),('696-67-1988','Antoni Holtum','aholtumr6@nsw.gov.au','9874522930',27),('697-94-3723','Jennette McAlester','jmcalester7i@tripod.com','1704957129',40),('698-72-3936','Eda Picardo','epicardodu@github.io','9606222854',22),('699-36-5873','Jenica Bonafacino','jbonafacinokl@narod.ru','3327252112',88),('702-23-4047','Elysee Saggers','esaggersr2@imageshack.us','6041320277',76),('703-75-5883','Tom Dering','tderingn7@devhub.com','9778343631',15),('704-78-3399','Adi Saward','asawardn1@newyorker.com','6188291549',43),('704-89-5010','Mathian Keasley','mkeasleyc9@list-manage.com','6152039505',71),('705-69-4798','Charo Emmott','cemmottn0@reference.com','7971428601',28),('706-13-9823','Silvana Roman','sroman9i@google.co.uk','9558082619',23),('706-60-2288','Ernestus Boles','ebolesgr@hubpages.com','7758005149',29),('706-92-8339','Obadiah Meadowcraft','omeadowcraftl3@devhub.com','4872165577',75),('709-50-6232','Berta Soall','bsoall2n@ovh.net','8757512195',91),('710-20-2922','Meggi Biggs','mbiggsjx@goo.gl','8932888777',30),('710-50-5884','Filippa Popple','fpopple9w@unblog.fr','5307064200',75),('711-65-0952','Vin Greatex','vgreatexo9@fastcompany.com','8636140081',85),('715-20-5700','Tatiania Cronchey','tcronchey7l@fc2.com','5775527253',3),('715-64-4214','Ted Godbehere','tgodbeherefz@bravesites.com','1228422488',56),('715-73-6521','Nestor Daice','ndaice8x@hugedomains.com','6018401221',70),('716-20-1917','Shaw Garrow','sgarrowq2@naver.com','9508043410',81),('716-35-5437','Freeman Beacock','fbeacock88@mac.com','7239982959',97),('716-40-3242','Eleonora Durbin','edurbin9u@ftc.gov','6628633142',41),('716-40-8172','Claretta de Najera','cde3q@nature.com','2657317314',11),('717-16-4727','Clive MacKall','cmackall7y@163.com','5408108371',32),('718-39-0077','Kirby Ambler','kamblerl0@google.es','4112082294',28),('719-24-2915','Hervey Wyer','hwyer1v@163.com','8923112414',41),('719-63-9321','Morey Medwell','mmedwellcy@google.com.br','4103302843',22),('720-12-8390','Adaline Sellek','asellek7s@altervista.org','4955627694',86),('720-40-2988','Esta Hazelden','ehazelden9g@amazon.co.jp','6066322012',67),('720-87-1045','Gae Coad','gcoadg9@tripod.com','5862870169',76),('721-72-5181','Napoleon Aery','naeryph@pagesperso-orange.fr','3345102852',77),('724-37-1786','Paige Scholtis','pscholtish1@imageshack.us','7843615790',57),('724-38-5714','Lani McClelland','lmcclelland5l@smugmug.com','9534749494',51),('724-81-9359','Richard MacDonagh','rmacdonagh91@uol.com.br','5899647972',87),('725-07-6412','Teddie Thornham','tthornhamof@tmall.com','6613247438',81),('727-46-6053','Drucie Balchin','dbalchinfq@ameblo.jp','5887662692',42),('728-78-5035','Rog Parmenter','rparmenterkq@cmu.edu','2685487068',69),('730-29-7651','Rustie McMurty','rmcmurtybx@pagesperso-orange.fr','3292631158',16),('730-37-1763','Aleta Busain','abusain70@blogger.com','7429439058',73),('730-83-3228','Leoine Filyukov','lfilyukov8@freewebs.com','7907282602',20),('732-37-8464','Sashenka Birtle','sbirtle93@mtv.com','5071161258',76),('733-69-5174','Cathrine Hatfield','chatfield99@homestead.com','8468571787',23),('735-21-0906','Bryant Clemmen','bclemmenp0@tiny.cc','5064879255',84),('736-12-5261','Morissa Bartosiak','mbartosiakmu@networkadvertising.org','5943470613',53),('738-83-8146','Victor MacNulty','vmacnultydl@nifty.com','5939946737',10),('739-43-1607','Stephie Arbon','sarbonld@webs.com','9544831422',91),('740-68-2619','Calla MacConnel','cmacconnelm4@homestead.com','9884225674',25),('740-85-3077','Tremaine Danick','tdanick68@trellian.com','7511394672',51),('740-86-7826','Damiano Coit','dcoitne@addtoany.com','8915807119',79),('741-25-4799','Jannelle Bysouth','jbysouthnr@bloomberg.com','4459904490',44),('741-31-4746','Sophie Stranio','sstranio1o@china.com.cn','3967446073',82),('742-01-0331','Gabriele Haseldine','ghaseldineji@yellowbook.com','1546375897',76),('742-59-6200','Rutherford Hanhart','rhanhart1j@myspace.com','3019228902',36),('742-76-4470','Midge Hundell','mhundellqc@slate.com','5571577164',51),('743-20-8892','Benyamin Labuschagne','blabuschagne1w@baidu.com','3486724442',45),('744-64-3464','Fran Kloser','fkloserh6@bing.com','5051315782',73),('744-84-7495','Tyrus Attenbrough','tattenbrough44@jigsy.com','8135048865',29),('745-22-2282','Gabrielle Roads','groadsdx@spiegel.de','6061967420',23),('746-59-2308','Ernestus Lampe','elampe79@blog.com','4561438230',30),('747-66-5740','Elvera Midlane','emidlanemv@feedburner.com','9102716953',79),('747-88-1850','Forbes De Hailes','fde2d@ifeng.com','2327990569',6),('749-15-9577','Alysia Lockyer','alockyer1t@mayoclinic.com','6535748204',91),('749-39-6214','Liane Hagergham','lhagerghamnb@prlog.org','9384870358',39),('749-46-3322','Minny Mosco','mmoscoed@nba.com','5378113229',22),('749-71-6941','Rowan Norkutt','rnorkuttl1@spiegel.de','9683807331',88),('750-04-0379','Gaby Abrahm','gabrahmg0@blogger.com','7076755210',78),('752-44-9875','Maryrose Maier','mmaier28@ifeng.com','7296742845',24),('752-57-7075','Patton Holsey','pholseyke@harvard.edu','4315997430',83),('753-63-3990','Wilhelmine Grewes','wgrewesos@shutterfly.com','1712761456',47),('755-78-8578','Tarra Baukham','tbaukhamda@economist.com','5237702125',84),('756-28-7544','Chloris Fellowes','cfellowesjj@netvibes.com','6841550352',79),('756-64-3188','Jillayne Bowman','jbowmanqv@deliciousdays.com','8898307913',44),('756-84-2388','Krishna Stellman','kstellman4m@tmall.com','1723156684',79),('758-11-3637','Reed Churchard','rchurchardei@miibeian.gov.cn','9032514066',67),('758-11-5346','Hertha Osgordby','hosgordbypw@wikimedia.org','3341664388',95),('758-16-1888','Nicol Fenners','nfennersip@de.vu','8278725164',76),('758-31-7104','Lynn Savery','lsavery4u@cbslocal.com','1619227497',93),('758-73-2408','Blondie Timoney','btimoneyj8@people.com.cn','3458350647',39),('758-81-2394','Daniel Robelin','drobelinin@latimes.com','3731702562',13),('759-49-4612','Renelle Dyball','rdyballcf@weebly.com','3171397183',47),('759-83-7437','Herby Inkpen','hinkpenhi@flickr.com','1256820956',96),('760-35-3074','Saidee Kulic','skulicla@google.com.hk','4825780090',39),('760-62-2521','Lorens Ingledow','lingledowe3@google.com.br','2069566816',5),('761-63-9994','Brandise Lacasa','blacasaf7@phoca.cz','4601386631',7),('763-16-9244','Artair Bartleet','abartleet92@wix.com','8558911909',20),('763-21-3528','Olive Engledow','oengledowgu@washington.edu','5288809926',79),('763-24-7499','Chariot Deery','cdeerydo@google.pl','4106765585',34),('763-68-2349','Romain Swanborough','rswanboroughq7@nsw.gov.au','8886003620',33),('763-92-8321','Ruperta Gridon','rgridonax@salon.com','8813549525',62),('764-07-7817','Justus Capner','jcapnera0@yahoo.co.jp','1424063308',10),('765-54-9505','Maribelle Haigh','mhaighlq@fema.gov','4888776448',61),('765-55-1978','Georges Valentin','gvalentinfa@over-blog.com','4671687197',78),('765-87-6323','Malinde How','mhowpa@alexa.com','6999520228',8),('767-72-9366','Elizabeth Brooksby','ebrooksbyio@cbc.ca','3688266054',2),('768-75-8125','Jesselyn Leming','jlemingjl@yahoo.com','5528249063',85),('769-07-9679','Thalia Pirrie','tpirriemg@altervista.org','3715115039',20),('769-11-0459','Lynn Gibbens','lgibbensmr@hibu.com','3394647325',43),('769-32-6262','Ulrikaumeko MacDwyer','umacdwyerdf@fotki.com','4226337197',56),('769-65-7919','Brewster Hulcoop','bhulcoope5@marketwatch.com','6429360741',52),('769-97-9989','Kerstin Heinel','kheinelgv@imageshack.us','1484751252',90),('770-37-2257','Alonzo Selland','aselland3f@addtoany.com','1353106994',93),('770-86-2421','Ossie Dozdill','odozdilles@1und1.de','6639774823',95),('771-31-0635','Gertie Bleue','gbleue4q@hibu.com','1689550406',98),('771-87-9878','Herb Tabourier','htabourierep@china.com.cn','9513351643',6),('772-12-9662','Cara Freeburn','cfreeburnog@posterous.com','9159072590',31),('773-60-3523','Laurene O\' Finan','loid@ehow.com','9519164782',36),('774-73-1504','Desmund Dumphy','ddumphy8s@jimdo.com','6207690360',87),('775-56-5812','Ophelie Druitt','odruittgo@cbsnews.com','3433759611',31),('775-88-5719','Roderic Frean','rfreanis@ftc.gov','1056927455',88),('775-96-0988','Lianna Grimwad','lgrimwadjk@github.io','7836719506',49),('776-04-4443','Adella Woodlands','awoodlandso7@nytimes.com','6245331047',81),('776-25-3906','Leonid Dunmuir','ldunmuiri8@alibaba.com','6762808269',58),('776-45-3989','Ches Baggott','cbaggott5d@nasa.gov','9712772954',46),('776-45-5111','Marena Beardwood','mbeardwoodk7@soundcloud.com','1752196799',54),('778-33-2949','Erena Capstake','ecapstakepm@dedecms.com','8179399752',32),('779-08-0705','Lazare Wynrahame','lwynrahameek@squarespace.com','3253061618',98),('779-69-7608','Hermina Bakesef','hbakesefj1@yolasite.com','9295291479',96),('780-30-2985','Christos Dudson','cdudson35@yale.edu','2606639156',85),('780-60-3229','Loraine Gaydon','lgaydon57@paginegialle.it','5598046571',37),('780-78-6647','Alis Mantle','amantledc@nasa.gov','4654005869',26),('781-80-3493','Cassi Kindred','ckindredco@utexas.edu','5479300855',20),('781-91-0044','Augusto Barkaway','abarkawaybd@t-online.de','1774558592',19),('782-20-6908','Neddy Ribchester','nribchester9d@biblegateway.com','9377462071',34),('784-37-5278','Atlanta Dumbelton','adumbelton64@surveymonkey.com','8734317243',12),('784-47-9973','Gussy Ruprich','gruprich10@scribd.com','8159479001',58),('786-02-3495','Wilburt Doxsey','wdoxsey13@illinois.edu','7364448732',55),('786-41-1262','Elysha Passie','epassiehf@digg.com','3204340210',98),('786-45-3381','Darrel Fassum','dfassumk3@time.com','9379865957',29),('786-59-2890','Shelden Gruby','sgrubyjr@tripod.com','7065687346',47),('787-17-3615','Eugene Origin','eorigin2w@china.com.cn','1119721793',48),('787-85-7356','Shina Lillee','slillee7q@biglobe.ne.jp','8661969178',99),('788-67-5271','Torre Graeme','tgraeme6i@hexun.com','1937479828',53),('788-73-2032','Ada Fairholme','afairholmere@archive.org','7363287886',67),('788-91-2943','Myles Glassup','mglassuppk@npr.org','3227403610',74),('788-99-6224','Moria Lusty','mlustyrm@imageshack.us','2051902811',70),('789-99-9308','Cad Flasby','cflasby4g@g.co','6608863278',27),('790-63-6211','Susanetta Pumphreys','spumphreys36@omniture.com','8054240913',21),('791-61-9653','Sharona Cicchinelli','scicchinellib6@intel.com','6228205856',27),('792-83-8629','Rhys Edison','redisonqp@chronoengine.com','5034164119',68),('794-62-4104','Eolande Mabbot','emabbotpd@disqus.com','3961135916',60),('795-37-3061','Giuditta Clipson','gclipson4z@wordpress.org','7584221501',94),('797-71-1452','Consuela Bargery','cbargery6a@gnu.org','2989696966',92),('797-83-7657','Willie Debenham','wdebenham9l@hc360.com','8679803594',78),('798-44-7770','Reinwald Bunney','rbunneynf@netlog.com','7481617451',14),('799-34-5306','Suzie Hannis','shannispv@networksolutions.com','4937552098',35),('799-93-2441','Corbett Filippyev','cfilippyevoo@unc.edu','6657790723',30),('800-09-0807','Lemmie Jodkowski','ljodkowskigi@plala.or.jp','5418647229',45),('801-59-9003','Quintana Siegertsz','qsiegertsz5c@w3.org','3942952702',37),('801-65-8252','Hilde Morigan','hmoriganct@jalbum.net','6888783580',48),('802-40-7217','Victor Healing','vhealingp7@msu.edu','3733532079',28),('803-01-9791','Dari Bockman','dbockmanrf@csmonitor.com','9842423145',96),('804-03-5594','Eberto Finan','efinanac@army.mil','4082205865',97),('804-71-7074','Dimitry Morican','dmoricanam@blinklist.com','1596666742',98),('805-47-8601','Tyrone Denge','tdengef9@goo.gl','8756720953',98),('805-77-0766','Scarface Drable','sdrable4a@wired.com','1037552043',98),('806-45-9127','Clayson Sayles','csaylesen@addtoany.com','2398850428',93),('806-91-6804','Austin Kobierski','akobierskiku@nih.gov','9426863744',72),('808-51-3166','Fredericka Julyan','fjulyan87@blogspot.com','6854450135',81),('808-74-6255','Gifford Berge','gbergem0@opensource.org','3247732859',89),('809-31-3551','Amelita Cerie','acerie2j@constantcontact.com','4077901876',2),('809-57-8477','Wallache Tussaine','wtussaineq9@comcast.net','9052028205',41),('812-03-5066','Hansiain Possell','hposselllz@nydailynews.com','1275087834',100),('812-22-3754','Kary Duggary','kduggary9e@uol.com.br','9774754919',77),('813-56-2905','Cordelie Cabrer','ccabrerrd@smh.com.au','9141899691',84),('813-65-9140','Lyndell Fitzsymon','lfitzsymondw@pen.io','8831899004',90),('815-05-7188','Shir Kreuzer','skreuzerjp@techcrunch.com','8324057455',98),('815-36-2289','Rik Torn','rtornhy@cbslocal.com','4429422003',19),('817-66-8043','Sula Henrys','shenrys4s@yale.edu','8687765828',96),('817-80-1050','Elwin Attfield','eattfield7j@bloglines.com','5294811244',28),('822-27-9938','Lib Cofax','lcofax7v@ycombinator.com','9657302728',47),('822-64-6972','Golda Alecock','galecockj6@tinyurl.com','7958478676',51),('823-86-3926','Emlyn Punyer','epunyerg7@deviantart.com','5064104990',17),('825-68-5925','Arnaldo Presslie','apressliebz@delicious.com','6066300925',27),('827-40-8085','Andrea Downing','adowningjw@wikispaces.com','9654594401',84),('827-94-5495','Florencia Pero','fpero6f@feedburner.com','9303709025',41),('827-96-5777','Merrill Newvill','mnewvillr0@ycombinator.com','3929498014',51),('828-62-3115','Noah Colquite','ncolquite95@weebly.com','5101793308',33),('829-46-6160','Berta Dood','bdoodoy@tinyurl.com','8779801244',8),('830-19-5426','Rob Parry','rparry4f@elpais.com','2727486177',42),('830-45-6563','Maryrose Mattea','mmatteans@harvard.edu','5907584639',87),('830-54-2590','Anestassia Falshaw','afalshawjd@mac.com','4733142641',9),('833-46-1914','Dugald Woodger','dwoodger9j@gnu.org','8656563644',78),('833-57-6545','Rikki MacCaghan','rmaccaghancd@amazon.de','7755659655',68),('833-71-8249','Tamas McPeice','tmcpeicegz@diigo.com','7583302583',7),('833-75-7788','Chrissy Mackneis','cmackneis6g@aol.com','2644447475',26),('834-23-4066','Zora Mapledoore','zmapledoorepz@wordpress.com','2023032723',9),('834-98-8895','Evyn Claydon','eclaydonj4@wp.com','6924247143',63),('835-82-3196','Maurise Babcock','mbabcockv@nyu.edu','5067741453',93),('836-05-7140','Francoise Levinge','flevingeo1@wired.com','2643575386',74),('836-27-2269','Reynolds Sandars','rsandars2l@unblog.fr','5474979594',91),('837-04-7526','Lezlie Vince','lvince83@nhs.uk','5514129428',34),('837-29-4862','Kaitlynn Insole','kinsole6q@tumblr.com','2935198957',93),('839-09-6243','Farr Crocetti','fcrocetticj@jugem.jp','4663735620',67),('841-30-0668','Karlotta Gallard','kgallardrc@independent.co.uk','6104292344',56),('844-25-7653','Florrie Prinnett','fprinnett65@mapquest.com','6018080510',75),('845-80-4345','Yasmin Jaquin','yjaquinif@state.tx.us','6164711899',8),('846-33-0970','Geraldine Gonin','ggoninib@mit.edu','7014972796',12),('847-58-6019','Hollie Lashmar','hlashmarb3@wikia.com','8402110387',34),('847-99-3128','Rosita Haverson','rhaversongh@ameblo.jp','3317117576',37),('848-32-4451','Kalle Pietersma','kpietersmaj5@lulu.com','2877316691',81),('848-49-0825','Bennie Wadge','bwadgefb@cloudflare.com','7402732297',94),('849-48-6166','Janette Kennett','jkennettgf@clickbank.net','9433163127',29),('849-56-2717','Aridatha Adess','aadesscr@tripadvisor.com','7883772450',61),('850-46-4593','Cindra Fuke','cfukeqw@example.com','1188073010',19),('851-84-4561','Jameson Lenoir','jlenoir9@telegraph.co.uk','6942195722',10),('851-94-3603','Godfry Dankov','gdankov1m@meetup.com','6564238739',89),('851-99-6694','Roy Neem','rneemw@nature.com','9023469845',21),('852-16-1482','Maurits Jahnisch','mjahnischg5@booking.com','2967518573',33),('852-80-5042','Barbabra Etter','better6v@arstechnica.com','2012845216',99),('854-57-2350','Chas Bagenal','cbagenalet@scientificamerican.com','2272295601',2),('855-10-3732','Ferdinand Heustace','fheustace4@dropbox.com','5683392989',9),('855-99-7128','Alicea Janssens','ajanssensa3@google.it','5783374072',36),('857-05-1071','Thomasin Denisovich','tdenisovich8z@pen.io','1365441085',52),('859-79-7934','Ulberto Bewshaw','ubewshaw3o@hibu.com','3864651346',54),('860-02-3458','Brianna Denniss','bdennisscb@people.com.cn','4016934266',14),('860-33-9826','Barclay Candey','bcandeybt@epa.gov','4672449543',5),('860-86-5694','Dominick Arr','darrmj@wunderground.com','8843525201',81),('860-94-3606','Roman Heifer','rheifer1q@goodreads.com','9449759977',94),('862-92-1097','Emmeline Zappel','ezappelgb@mediafire.com','5828269848',25),('863-04-8193','Edik O\'Gready','eogreadyh5@marketwatch.com','7165208555',43),('864-11-7098','Jodi Blumire','jblumire1c@myspace.com','8175222264',38),('864-85-1132','Ollie Mobbs','omobbs6t@pcworld.com','8274882741',60),('865-81-7922','Raeann Taysbil','rtaysbilad@tuttocitta.it','1507351422',84),('867-92-6185','Killie Bygraves','kbygraves8l@gravatar.com','5188421517',44),('869-75-2115','Vitia Hoodspeth','vhoodspethiu@disqus.com','9267445649',67),('871-12-9598','Wake Bernocchi','wbernocchihb@networkadvertising.org','7702860369',3),('871-91-1067','Newton Keenlayside','nkeenlaysideq1@tumblr.com','7276994158',11),('873-72-2857','Muffin Couchman','mcouchman6k@booking.com','2188444766',43),('875-73-5309','Dennison Beardon','dbeardonfy@liveinternet.ru','1427795972',85),('876-59-1975','Clyde Sansun','csansuna2@adobe.com','2276676642',97),('876-69-9800','Jaine Stanlack','jstanlackaz@yandex.ru','5223384864',30),('877-92-6146','Bibby Bozworth','bbozworthgk@marketwatch.com','7189454101',56),('879-12-5802','Kristel Thornewill','kthornewill1a@sourceforge.net','7008644455',89),('879-68-0888','Gipsy Kamena','gkamena58@time.com','2514444560',78),('880-14-9313','Tremayne Bonehill','tbonehillb5@ihg.com','9376902415',24),('881-97-5788','Tedd Auguste','tauguster5@taobao.com','8317544506',84),('883-24-3533','Lurlene Nehls','lnehlsrr@nba.com','9733704608',51),('884-71-5675','Ferdinand Bennough','fbennough3a@narod.ru','5309020382',98),('886-13-3493','Morgen Norvel','mnorvelfo@flavors.me','3479167685',42),('886-88-2058','Hasheem Hyslop','hhyslopm8@wordpress.com','4667736689',14),('888-09-8805','Carly Petrusch','cpetrusch2s@mail.ru','8135916867',40),('889-04-0534','Ambrosio Brooking','abrookingev@mapy.cz','2964140506',57),('890-28-1977','Gerrie Kenworth','gkenworthg1@desdev.cn','1138074581',68),('890-38-4531','Hope Flahy','hflahy1k@tiny.cc','8956348651',67),('890-78-3790','Jenifer Le Fevre','jle9n@last.fm','3641588987',31),('891-34-9787','Tracie Dymidowski','tdymidowskibi@theglobeandmail.com','4306144245',50),('892-63-5099','Corissa Crecy','ccrecyeu@buzzfeed.com','2711709343',60),('893-56-7981','Tiffany Guthrie','tguthrien2@nifty.com','7199630568',50),('893-62-8569','Bendick Gurery','bgurery8y@ihg.com','6502771584',66),('893-62-9869','Shirlee Beech','sbeechdk@cargocollective.com','2188711590',83),('895-54-8286','Olga Gerin','ogerinp2@naver.com','6475836371',15),('895-82-1991','Ricca Bettaney','rbettaneyjs@chicagotribune.com','7917657988',25),('895-90-8011','Lauraine Guise','lguiseov@paypal.com','6348980216',78),('896-92-6689','Janka Lasselle','jlasselleg3@typepad.com','8813934019',17),('897-85-2539','Bree Wainscot','bwainscotmz@google.co.uk','7309969780',48),('899-41-0785','Marquita Volcker','mvolcker75@newyorker.com','7164999559',88);
/*!40000 ALTER TABLE `user` ENABLE KEYS */;
UNLOCK TABLES;

--
-- Table structure for table `worked_in`
--

DROP TABLE IF EXISTS `worked_in`;
/*!40101 SET @saved_cs_client     = @@character_set_client */;
/*!50503 SET character_set_client = utf8mb4 */;
CREATE TABLE `worked_in` (
  `artist_ssn` varchar(45) NOT NULL,
  `movies_id` int NOT NULL,
  PRIMARY KEY (`artist_ssn`,`movies_id`),
  KEY `fk_artist_has_movies_movies1_idx` (`movies_id`),
  KEY `fk_artist_has_movies_artist1_idx` (`artist_ssn`),
  CONSTRAINT `fk_artist_has_movies_artist1` FOREIGN KEY (`artist_ssn`) REFERENCES `artist` (`artist_ssn`),
  CONSTRAINT `fk_artist_has_movies_movies1` FOREIGN KEY (`movies_id`) REFERENCES `movies` (`movie_id`)
) ENGINE=InnoDB DEFAULT CHARSET=utf8mb4 COLLATE=utf8mb4_0900_ai_ci;
/*!40101 SET character_set_client = @saved_cs_client */;

--
-- Dumping data for table `worked_in`
--

LOCK TABLES `worked_in` WRITE;
/*!40000 ALTER TABLE `worked_in` DISABLE KEYS */;
INSERT INTO `worked_in` VALUES ('682-27-3420',9),('779-42-8706',17),('368-55-1721',23),('221-54-0825',82),('334-14-5314',88),('585-85-8172',137),('520-70-9524',138),('635-09-9174',145),('637-70-3857',147),('567-22-9101',161),('625-56-7903',170),('703-72-0293',185),('561-88-5986',195),('446-55-0597',197),('529-55-9096',204),('288-98-0939',242),('781-63-6896',247),('715-60-5070',259),('214-56-9711',264),('628-25-2070',297),('473-07-1561',307),('317-25-7426',331),('400-56-1130',332),('715-10-2892',333),('550-21-8484',334),('552-35-1375',341),('548-07-0506',353),('618-36-7560',359),('327-68-2443',364),('187-75-1409',367),('261-53-2756',384),('773-16-2295',396),('569-52-6184',400),('728-80-8653',428),('716-81-1135',444),('799-23-9075',450),('649-58-7197',461),('805-24-9474',470),('400-96-8536',477),('236-98-1006',481),('316-95-9750',502),('531-11-4291',526),('710-21-4454',565),('656-08-2499',574),('794-29-2226',580),('386-53-9256',581),('356-04-6794',586),('418-16-2251',610),('108-80-0951',627),('147-07-9012',629),('472-62-1695',634),('800-75-8055',639),('396-58-4467',653),('546-38-7054',657),('701-69-9824',663),('726-86-1586',681),('154-34-3326',703),('558-58-1814',710),('141-47-0395',721),('210-28-9214',724),('776-55-1187',741),('555-40-3313',750),('699-12-6944',757),('404-69-6117',760),('639-91-8270',767),('451-14-5616',773),('580-94-1703',793),('365-53-6514',795),('735-07-6692',805),('747-88-2860',817),('723-17-6440',825),('770-63-3600',839),('162-57-0169',859),('711-71-3871',886),('165-01-7323',890),('543-22-9052',896),('651-76-1655',905),('899-41-0889',908),('785-79-5732',915),('549-16-6095',916),('797-82-2826',918),('279-51-0630',929),('469-71-7916',930),('238-44-6430',932),('295-86-2815',934),('281-50-8777',941),('385-21-6121',952),('299-49-3176',953),('215-88-1388',962),('243-48-4393',967),('655-41-8353',980),('583-11-6978',983),('368-23-7537',1019),('826-98-1105',1029),('295-79-6408',1033),('831-36-2201',1034),('847-18-3166',1048),('710-81-0380',1071),('332-33-5512',1075),('787-98-9445',1077),('316-85-3505',1080),('235-18-7991',1082),('377-10-5747',1089),('720-58-0989',1123),('801-21-7329',1127),('511-90-7059',1129),('781-87-1578',1132),('300-68-3136',1153),('486-97-8743',1154),('469-85-2983',1201),('268-70-2643',1210),('359-42-5507',1220),('291-47-5888',1230),('541-90-7234',1233),('860-92-9584',1256),('100-47-0814',1257),('597-40-9185',1282),('359-27-2167',1287),('314-36-4959',1295),('276-29-1043',1296),('475-48-8016',1301),('533-53-3298',1313),('352-36-4411',1323),('576-94-6330',1354),('669-95-2384',1364),('105-35-3588',1365),('396-04-7469',1372),('229-65-3141',1380),('360-95-8660',1407),('270-57-7883',1419),('414-85-5168',1438),('720-61-4951',1485),('854-76-4215',1490),('386-10-0252',1498),('105-96-8412',1503),('832-32-7780',1510),('861-84-9610',1523),('515-33-7061',1531),('851-05-7308',1544),('587-68-0593',1564),('492-61-9184',1576),('466-57-1343',1597),('801-16-1728',1598),('340-05-1696',1614),('248-55-3224',1625),('422-56-3225',1626),('700-70-5450',1628),('664-47-6360',1648),('188-62-1015',1672),('687-22-8242',1673),('583-23-5403',1678),('773-44-8086',1691),('816-39-4497',1711),('612-08-2565',1719),('508-91-8525',1724),('488-35-4279',1749),('191-19-9797',1775),('329-95-8051',1808),('188-41-0495',1843),('441-73-2139',1855),('768-49-6331',1857),('803-85-5537',1858),('836-96-1161',1864),('830-71-7241',1866),('198-50-7012',1876),('654-70-9034',1892),('834-63-8844',1898),('632-20-4064',1920),('280-10-9245',1938),('580-30-7688',1942),('593-22-4144',1976),('754-11-3573',1978),('109-63-5417',2028),('390-30-2790',2029),('331-88-8560',2030),('330-57-7760',2031),('335-66-3718',2036),('333-15-0922',2042),('542-20-5798',2044),('118-56-5251',2052),('287-01-5275',2057),('777-15-5892',2060),('356-02-2139',2064),('255-52-0007',2077),('300-20-5995',2087),('540-90-5017',2090),('106-13-4822',2096),('692-91-9228',2107),('840-55-6574',2119),('104-35-4735',2136),('569-62-6689',2140),('127-45-9729',2150),('573-40-4388',2153),('340-64-7665',2166),('254-74-2771',2183),('871-68-1947',2190),('370-48-9947',2197),('112-15-0650',2206),('542-23-7659',2208),('700-70-7739',2209),('342-90-2308',2223),('709-91-7439',2225),('755-16-9890',2253),('752-36-4840',2275),('625-25-4930',2277),('687-64-4125',2294),('781-55-1160',2297),('434-69-8983',2301),('621-61-8841',2312),('687-73-2029',2326),('470-60-3817',2347),('402-44-6897',2354),('864-88-9031',2378),('355-48-3339',2383),('794-08-5125',2401),('160-56-3292',2405),('473-83-2028',2407),('870-68-2755',2415),('217-78-0273',2419),('405-87-6062',2442),('655-13-5653',2443),('285-44-3211',2445),('859-36-1677',2476),('464-60-8156',2487),('733-88-3357',2498),('648-05-4082',2533),('598-46-8239',2538),('678-23-8673',2559),('763-85-5306',2570),('215-93-6221',2571),('117-34-6629',2581),('644-99-5679',2583),('426-18-7510',2594),('854-02-5909',2600),('732-55-9131',2607),('441-08-1185',2609),('300-86-8272',2664),('662-51-5801',2670),('367-52-4131',2714),('715-34-0974',2725),('382-70-5892',2727),('890-04-3990',2733),('409-59-7931',2739),('434-36-2080',2740),('495-62-0600',2770),('576-97-7328',2773),('509-65-1901',2779),('191-29-3101',2826),('108-72-7873',2836),('411-23-4728',2840),('221-01-2235',2844),('497-87-0128',2847),('248-15-1146',2849),('866-21-3539',2859),('350-42-9047',2862),('809-42-4941',2874),('150-59-9571',2880),('181-04-9110',2882),('477-28-9466',2892),('886-50-8724',2893),('568-28-0067',2898),('610-38-0346',2899),('776-22-0002',2917),('889-99-7841',2925),('849-07-4501',2956),('466-01-8904',2973),('462-86-2208',2975),('450-86-8465',2979),('153-21-7154',2981),('323-07-9656',2987),('572-58-1014',2990),('565-50-9953',3009),('894-78-9029',3014),('145-16-8426',3022),('209-20-2346',3023),('196-36-7576',3025),('188-78-7973',3031),('302-22-1034',3043),('703-67-7693',3045),('537-37-7086',3051),('748-78-2007',3057),('142-98-6212',3071),('660-64-9497',3083),('640-91-1072',3086),('412-38-9651',3105),('710-18-3690',3113),('665-42-3591',3116),('141-67-1234',3117),('859-61-0136',3131),('647-80-9971',3173),('238-18-1984',3186),('350-98-0325',3187),('432-84-9071',3201),('475-53-6224',3202),('137-74-4002',3203),('647-51-1106',3222),('102-52-7903',3242),('634-20-4822',3249),('228-28-3305',3273),('862-77-3136',3277),('551-99-6361',3281),('389-67-0682',3287),('244-11-5030',3294),('387-80-7602',3299),('318-63-2592',3311),('230-71-2262',3314),('153-97-5457',3326),('207-29-7544',3345),('178-40-0685',3354),('507-28-5614',3365),('280-32-1719',3375),('897-89-8830',3376),('273-18-5759',3379),('458-53-8766',3383),('721-61-4000',3392),('581-67-8452',3394),('224-13-5958',3423),('842-01-6442',3424),('460-31-2176',3431),('431-14-1041',3432),('118-18-4499',3454),('600-64-0207',3455),('489-74-3141',3457),('335-73-2380',3472),('580-34-6869',3481),('109-02-8039',3486),('587-89-0051',3506),('362-99-6558',3508),('298-88-4162',3514),('247-17-4724',3517),('376-18-4453',3525),('235-76-3888',3533),('119-38-9052',3536),('571-65-4604',3540),('473-29-8010',3541),('805-47-5392',3543),('579-44-0169',3554),('575-29-2905',3571),('801-03-1253',3586),('162-41-2398',3590),('182-40-9396',3603),('420-53-2699',3604),('199-40-1810',3626),('685-91-7566',3627),('708-86-5094',3631),('542-81-9889',3648),('349-11-6765',3674),('743-43-7536',3682),('699-81-0966',3690),('137-71-4647',3703),('677-79-2007',3717),('542-27-5333',3731),('521-19-5491',3747),('392-50-6032',3760),('717-75-4726',3761),('192-82-2667',3770),('348-97-9619',3774),('652-23-8421',3779),('550-25-7511',3789),('711-68-0149',3792),('794-76-6184',3805),('665-35-4301',3806),('271-65-6592',3810),('223-28-1970',3811),('815-86-4082',3816),('415-64-1199',3817),('845-35-9734',3818),('247-48-6305',3832),('177-19-8722',3841),('219-75-8895',3859),('291-05-7955',3860),('633-63-4628',3870),('197-32-0238',3885),('454-06-2877',3888),('759-21-9195',3893),('438-26-4721',3897),('455-38-4798',3899),('215-64-7429',3918),('345-64-9895',3921),('743-02-5814',3926),('357-28-2360',3936),('727-88-7805',3952),('225-42-5567',3954),('830-41-7521',3960),('348-27-3278',3962),('506-76-7708',3969),('765-70-2019',3976),('714-02-8282',3983),('118-15-8894',3993),('465-68-3053',4001),('191-02-6949',4022),('841-51-9732',4026),('456-98-0361',4037),('615-12-6531',4040),('771-51-3769',4047),('717-37-9737',4050),('810-99-0534',4059),('362-21-1876',4077),('209-45-5488',4086),('288-29-5564',4093),('294-28-1568',4097),('319-91-4760',4106),('880-92-3338',4138),('787-39-2131',4152),('305-85-2706',4187),('815-78-2127',4196),('728-28-4131',4223),('878-35-4828',4229),('152-76-0364',4233),('848-48-4160',4242),('496-54-0575',4264),('375-88-1287',4265),('320-43-7376',4279),('291-49-4955',4280),('797-55-4558',4284),('202-38-2964',4288),('686-88-0282',4293),('146-24-6023',4294),('412-55-7168',4297),('746-61-3389',4313),('629-14-5882',4316),('584-73-7462',4330),('632-12-5259',4338),('109-15-9956',4344),('697-88-3843',4345),('817-27-9721',4392),('123-33-7948',4394),('533-15-5133',4399),('777-08-1844',4400),('443-58-4124',4414),('780-91-6415',4416),('306-50-6438',4419),('645-65-8190',4453),('577-44-5316',4466),('439-89-0313',4478),('547-27-1446',4481),('614-03-3258',4483),('329-70-7302',4484),('317-43-8219',4497),('823-02-4468',4519),('352-54-3737',4527),('494-60-0053',4546),('874-37-4982',4554),('596-72-1696',4574),('225-45-5381',4582),('249-49-4311',4596),('144-91-2392',4611),('795-17-2164',4619),('890-81-1701',4645),('402-08-2101',4666),('299-93-5078',4676),('261-59-4110',4679),('894-83-5379',4718),('245-97-9152',4720),('104-07-6673',4738),('554-31-4950',4772),('524-50-5787',4775),('897-63-6393',4807),('625-94-5665',4851),('246-77-3215',4865),('701-93-7475',4868),('362-71-9322',4872),('619-56-4637',4881),('523-33-5751',4893),('582-48-4230',4913),('583-01-0804',4921),('106-17-1129',4953),('136-87-8587',4954),('462-95-5249',4955),('711-16-3362',4964),('629-80-7371',4981),('602-80-8421',4989),('239-68-9929',5005),('578-31-4176',5008),('868-77-0047',5009),('789-87-9241',5011),('480-45-0674',5019),('335-94-5054',5058),('798-38-8642',5061),('488-11-6309',5068),('470-64-6964',5070),('324-55-2172',5076),('226-54-7526',5089),('542-20-5960',5100),('110-51-5387',5101),('100-15-0359',5113),('460-05-8459',5148),('545-56-9655',5162),('626-76-0134',5183),('229-52-3489',5188),('246-98-4663',5221),('783-69-2253',5225),('617-91-3501',5233),('227-15-7877',5238),('139-54-2587',5240),('708-40-0827',5252),('124-76-3886',5260),('542-52-8176',5264),('112-03-2233',5274),('894-24-5221',5279),('458-18-7651',5284),('611-23-1491',5288),('258-59-9866',5289),('432-72-4841',5296),('705-70-8498',5320),('787-02-7498',5331),('346-19-9067',5345),('755-60-9404',5358),('676-17-5794',5371),('251-74-6259',5378),('563-72-5852',5380),('457-06-1808',5386),('869-72-6691',5392),('478-34-1563',5404),('455-02-5190',5422),('603-03-0693',5427),('203-22-9472',5444),('657-81-4122',5459),('897-06-7244',5469),('506-47-2091',5502),('245-18-0262',5503),('462-82-3608',5505),('636-87-7244',5507),('719-47-4956',5520),('677-34-6911',5526),('241-36-5467',5533),('315-43-4967',5552),('560-77-2742',5560),('535-12-6511',5570),('283-46-9403',5573),('558-77-4077',5586),('228-87-7702',5587),('321-05-5474',5590),('258-51-1942',5591),('518-43-3321',5638),('311-07-3630',5643),('204-90-1380',5644),('828-98-1712',5647),('428-32-6893',5650),('853-17-3263',5680),('414-76-2805',5691),('645-42-9005',5695),('181-22-7445',5696),('637-61-9789',5697),('250-24-9835',5721),('451-80-1409',5722),('689-45-6798',5743),('104-02-8150',5747),('168-57-6223',5766),('644-68-3463',5776),('332-47-6604',5783),('323-48-6836',5789),('247-48-7460',5791),('152-15-0407',5811),('809-96-4438',5812),('579-98-0720',5819),('221-27-9619',5829),('586-37-0174',5839),('570-55-4776',5846),('804-17-2143',5858),('194-87-7786',5891),('559-83-0506',5892),('485-12-3608',5897),('144-70-5312',5916),('252-50-3295',5918),('795-50-5200',5921),('645-12-6136',5961),('733-86-3892',5963),('597-13-4821',5966),('888-63-6841',5977),('419-86-8617',5988),('495-26-9192',5993),('827-08-1296',5994),('627-59-3513',6000),('819-49-0361',6003),('580-74-5263',6009),('375-77-0379',6026),('644-37-9733',6033),('289-56-9582',6035),('156-56-4270',6045),('385-24-2214',6047),('174-54-3397',6064),('123-98-2434',6075),('200-67-0512',6080),('688-44-5809',6112),('597-24-5584',6115),('742-32-4517',6119),('460-94-7284',6121),('330-65-9220',6127),('281-59-5713',6138),('875-43-9537',6157),('543-25-9543',6159),('841-17-9728',6160),('638-63-9157',6165),('430-32-6005',6169),('891-64-1213',6179),('807-40-4585',6199),('767-13-1111',6204),('623-12-9513',6217),('335-41-2199',6230),('808-77-6805',6239),('109-22-9728',6252),('760-41-1203',6280),('391-23-3017',6281),('527-40-9863',6285),('641-96-8518',6287),('404-81-9889',6298),('681-41-3862',6313),('875-51-0833',6317),('730-81-1714',6320),('564-63-8949',6341),('169-93-4474',6354),('432-22-5930',6362),('359-95-1639',6367),('237-03-7926',6381),('709-85-8769',6385),('837-74-1841',6388),('495-62-8580',6389),('466-85-2489',6394),('134-32-1952',6417),('864-75-2260',6449),('644-80-1413',6451),('590-52-4895',6469),('277-74-7587',6495),('337-61-0511',6503),('321-81-5328',6515),('281-63-3724',6516),('733-73-2252',6523),('744-80-9476',6532),('222-56-9923',6551),('273-89-4842',6554),('800-98-0041',6566),('649-94-4361',6577),('356-47-2011',6596),('311-81-3347',6597),('153-59-6119',6609),('367-54-8796',6611),('533-54-3733',6613),('551-68-6779',6614),('215-71-8133',6628),('424-49-5124',6636),('658-44-9667',6657),('344-47-2981',6663),('176-42-4914',6695),('821-46-3084',6697),('137-89-2804',6700),('671-54-2442',6709),('437-90-6880',6719),('327-21-9204',6727),('714-72-9292',6729),('848-37-6427',6744),('515-93-7972',6753),('283-15-2547',6757),('838-30-3450',6762),('381-52-2675',6782),('684-82-8705',6784),('693-80-4348',6799),('852-77-7089',6804),('834-86-1207',6817),('263-55-7890',6828),('405-88-6079',6834),('581-42-8593',6838),('217-46-8411',6840),('826-79-9543',6856),('483-49-1298',6870),('894-04-6441',6880),('397-94-9787',6906),('209-61-3968',6912),('485-96-0240',6914),('287-13-6913',6919),('574-39-8047',6921),('412-52-9739',6924),('718-11-5089',6925),('736-29-7941',6931),('661-69-6928',6948),('454-44-9985',6953),('282-31-2530',6963),('391-59-3316',6972),('563-72-3816',6976),('355-45-4526',6983),('469-39-3411',6991),('585-15-3936',7003),('341-63-4677',7043),('106-95-0105',7053),('594-68-9073',7063),('826-79-6799',7074),('309-77-9753',7079),('659-74-1388',7097),('145-28-6806',7117),('326-99-1924',7118),('574-17-9630',7123),('507-05-3824',7133),('589-97-7493',7152),('145-10-1820',7208),('788-85-0533',7209),('889-34-8675',7216),('189-84-8544',7222),('555-48-8416',7231),('705-77-7030',7241),('638-86-3504',7256),('158-42-5227',7277),('643-99-4417',7278),('515-50-3683',7279),('137-91-7496',7291),('144-64-4215',7294),('692-84-1734',7334),('357-83-7732',7342),('147-59-5448',7352),('729-95-6149',7356),('307-19-1353',7369),('870-38-2274',7392),('221-02-2521',7401),('489-52-3154',7406),('304-66-7410',7419),('462-85-6532',7434),('665-98-1820',7444),('161-46-7186',7447),('707-57-2063',7450),('808-94-6101',7452),('606-79-7380',7461),('712-15-2871',7480),('633-72-4678',7491),('235-07-0217',7493),('493-97-0208',7512),('510-65-7892',7523),('431-58-8957',7541),('384-47-7378',7563),('815-66-3292',7572),('696-40-7667',7589),('739-14-4899',7590),('385-84-9119',7623),('816-03-1013',7624),('682-17-7018',7638),('152-27-3059',7645),('898-10-6964',7661),('570-70-9730',7678),('309-06-3848',7717),('150-42-8804',7737),('712-07-0660',7758),('856-87-4105',7774),('557-35-3585',7795),('640-54-9009',7800),('566-98-5107',7801),('710-45-0215',7809),('766-56-0566',7810),('370-37-2712',7817),('625-94-3399',7820),('136-73-1851',7824),('795-36-0535',7827),('505-55-8780',7832),('386-30-2350',7887),('204-84-5941',7889),('545-12-5288',7894),('619-63-3341',7898),('575-66-5193',7917),('324-20-8248',7941),('292-14-7005',7947),('100-39-1631',7966),('205-21-5903',7981),('314-02-6006',7994),('626-53-1346',8006),('703-83-0062',8007),('169-10-9859',8023),('109-90-2601',8029),('187-83-5800',8030),('465-14-8548',8042),('734-93-1364',8046),('162-73-5121',8057),('100-16-6708',8067),('211-65-5797',8074),('386-51-8220',8080),('481-53-5716',8117),('816-27-0726',8124),('270-28-0917',8151),('664-52-5040',8165),('890-12-3284',8166),('277-72-7838',8168),('188-16-8306',8170),('568-91-2022',8195),('621-70-3860',8203),('396-84-4083',8212),('790-42-5641',8225),('268-38-4464',8231),('439-97-0118',8234),('480-22-6365',8238),('894-69-4993',8240),('230-35-0328',8256),('239-49-4825',8268),('120-48-6812',8271),('341-93-6584',8272),('131-72-5666',8275),('192-07-4746',8311),('453-97-0751',8334),('242-49-0465',8335),('555-99-8024',8340),('109-80-6289',8345),('721-70-6467',8350),('374-25-2177',8358),('411-49-1000',8367),('626-02-7421',8399),('316-65-4148',8414),('804-47-7027',8416),('880-77-0628',8444),('150-08-5941',8453),('147-60-3755',8464),('885-32-6279',8466),('371-05-6879',8501),('844-62-8539',8503),('556-75-7482',8517),('669-15-6834',8522),('284-06-5938',8536),('563-32-7701',8563),('300-93-7613',8579),('305-37-2458',8620),('266-43-1348',8638),('791-40-5973',8645),('617-82-2465',8650),('357-24-1562',8655),('418-33-4182',8660),('796-41-8425',8664),('294-09-7421',8666),('672-06-6867',8667),('283-61-9914',8683),('605-47-1174',8687),('881-01-7716',8690),('297-55-0522',8692),('484-30-3626',8697),('659-97-2417',8705),('706-57-4197',8713),('520-91-8417',8723),('837-02-8605',8726),('434-86-7239',8731),('696-42-2436',8733),('117-22-4581',8753),('575-68-3328',8754),('654-69-2678',8760),('862-94-5159',8771),('373-05-4005',8772),('516-13-5123',8773),('266-91-7630',8784),('611-97-3751',8787),('257-20-9598',8806),('780-68-4713',8840),('841-57-7277',8845),('351-99-4777',8848),('265-20-4895',8854),('304-54-0952',8861),('451-43-9339',8884),('514-18-5362',8889),('622-94-3181',8890),('406-16-5389',8899),('439-17-4811',8918),('163-61-9909',8919),('105-88-5909',8922),('745-86-4496',8923),('341-97-9411',8924),('142-43-9196',8939),('230-36-2783',8967),('770-09-9848',8977),('495-74-5557',8982),('877-56-1852',8986),('792-92-9004',8988),('426-33-7726',9002),('640-10-3772',9012),('321-43-9326',9019),('371-27-4471',9020),('416-80-2185',9033),('729-82-5779',9035),('505-77-1418',9039),('620-40-7910',9041),('470-78-9809',9044),('396-91-7690',9058),('596-98-6627',9060),('470-34-4116',9075),('545-76-0102',9076),('892-30-3915',9105),('841-58-2331',9130),('451-85-6924',9137),('210-18-1149',9158),('544-26-9441',9161),('248-78-5531',9165),('268-79-5826',9176),('686-13-8132',9182),('614-54-7332',9192),('294-70-3912',9197),('829-24-3056',9205),('661-22-4620',9206),('448-36-8678',9207),('628-33-2022',9216),('556-04-9451',9225),('223-76-5201',9234),('543-22-2073',9251),('745-88-3999',9254),('160-74-9895',9267),('546-26-9647',9268),('454-42-0232',9288),('149-80-2662',9290),('234-05-0840',9311),('634-92-5228',9321),('898-59-2527',9324),('604-63-9935',9328),('447-75-9821',9366),('256-82-4419',9369),('630-39-2086',9384),('237-67-8634',9431),('799-75-9049',9432),('326-15-5278',9437),('676-06-1389',9444),('169-22-3685',9456),('795-74-8995',9484),('399-29-6142',9489),('783-24-4894',9493),('793-94-9830',9498),('877-84-2547',9523),('156-41-1013',9543),('337-41-4348',9545),('831-27-6147',9546),('261-81-5878',9547),('583-72-7958',9554),('518-05-8836',9577),('228-44-8640',9580),('257-53-8605',9593),('893-23-3410',9597),('782-70-7752',9599),('751-83-2990',9610),('569-45-2232',9612),('773-43-4729',9614),('897-44-1020',9618),('625-10-0555',9632),('659-53-5017',9634),('835-31-9456',9647),('629-85-9050',9648),('536-80-8506',9670),('166-42-5907',9688),('183-50-4152',9696),('422-93-5245',9718),('596-89-0200',9822),('148-99-1143',9836),('623-59-6549',9850),('251-38-3789',9851),('402-69-9634',9855),('175-63-5485',9863),('332-53-6775',9873),('255-26-5642',9874),('671-63-7469',9877),('455-40-5656',9880),('104-13-0605',9900),('394-35-9802',9902),('802-72-2559',9912),('295-10-5915',9941),('206-89-3282',9945),('793-77-2046',9968),('686-42-1210',9979),('694-98-4038',9982);
/*!40000 ALTER TABLE `worked_in` ENABLE KEYS */;
UNLOCK TABLES;
/*!40103 SET TIME_ZONE=@OLD_TIME_ZONE */;

/*!40101 SET SQL_MODE=@OLD_SQL_MODE */;
/*!40014 SET FOREIGN_KEY_CHECKS=@OLD_FOREIGN_KEY_CHECKS */;
/*!40014 SET UNIQUE_CHECKS=@OLD_UNIQUE_CHECKS */;
/*!40101 SET CHARACTER_SET_CLIENT=@OLD_CHARACTER_SET_CLIENT */;
/*!40101 SET CHARACTER_SET_RESULTS=@OLD_CHARACTER_SET_RESULTS */;
/*!40101 SET COLLATION_CONNECTION=@OLD_COLLATION_CONNECTION */;
/*!40111 SET SQL_NOTES=@OLD_SQL_NOTES */;

-- Dump completed on 2020-12-13 21:43:03
